INDEX;UUID;LINE;NAME;LATITUDE;LONGITUDE
10;b312bda1-e65c-4592-b58b-033ad4718767;M1;La Défense Grande Arche;48,89218708;2,237018056
20;14d98de6-ffc6-43a2-860e-225a5bafb31a;M1;Esplanade de La Défense;48,88863122;2,247932435
30;c1f64a40-3640-4a29-a774-9ecf46583272;M1;Pont de Neuilly;48,8847082;2,260515078
40;f18d9711-8b9b-43a3-8139-e9a815f5fe3c;M1;Les Sablons;48,88119152;2,271686721
50;00cb9108-5b85-4c30-b608-bc47a05bc205;M1;Porte Maillot;48,87755125;2,283162242
60;f2fd6950-afae-4ef0-852e-767d5d8b7e9e;M1;Argentine;48,87559405;2,28932259
70;755ceb3a-df2f-456f-84e0-8664f6b75170;M1;Charles de Gaulle - Etoile;48,87514982;2,295904906
80;3c9bd481-35e3-4ffc-b973-f6a5c7f7f284;M1;Georges V;48,87202381;2,300560451
90;b9d1c704-532d-44b1-934c-99df09c84323;M1;Franklin D. Roosevelt;48,86980822;2,307470793
100;e56520f5-e7d1-4b59-9c07-d38f701839ee;M1;Champs-Elysées - Clémenceau;48,86790534;2,31354555
110;977af1c5-4d39-4406-82a5-c1e811c51410;M1;Concorde;48,8662858;2,322943412
120;fbd3ad64-8537-4e18-afc2-ed5d3d9cb097;M1;Tuileries;48,86434378;2,330129877
130;c8cca062-47ed-4801-8906-b5849492a297;M1;Palais Royal - Musée du Louvre;48,86234803;2,336496462
140;0da91896-c62c-4bd3-b9b3-eb61633b0b82;M1;Louvre - Rivoli;48,86080629;2,341108592
150;241906bd-1a8a-460a-a00a-19ab1e7af0d9;M1;Châtelet;48,8587992;2,347305853
160;5732ca8b-23ee-47fb-9718-77d2f6b477c0;M1;Hôtel de Ville;48,85747798;2,351577563
170;4ea4d00a-b92a-444a-b724-c5acc705003e;M1;Saint-Paul;48,85523625;2,360956489
180;757a3621-4dda-4117-9888-7a836c6c3dd8;M1;Bastille;48,85247942;2,369320585
190;6b2c5ee8-d593-40ab-95e6-cd90c1a5f7c8;M1;Gare de Lyon;48,84602765;2,374962919
200;6bfcba0b-189f-414f-bc44-94413a02f3bd;M1;Reuilly - Diderot;48,84730379;2,386341706
210;3fe3b2e7-bc78-42b7-aee2-d9e24a170873;M1;Nation;48,84757937;2,395554512
220;cc967a54-83e5-40af-9c61-012b9ea9906a;M1;Porte de Vincennes;48,84715848;2,410140368
230;e3d0442b-0e5f-4001-afc2-d696f5a402f9;M1;Saint-Mandé;48,84635699;2,4194799
240;895a38ab-fed5-4126-8540-b15a5036c9a6;M1;Bérault;48,84547071;2,429205166
250;d9c3de39-fb67-4a6e-8ec3-b766513b1f0c;M1;Château de Vincennes;48,84445639;2,440439978
260;cf517a3b-379d-4e6e-a96a-8d0643d5f8d0;M2;Porte Dauphine;48,87146658;2,277083017
270;48dfa2a0-9de8-43cd-aa71-6356484814a4;M2;Victor Hugo;48,86979856;2,285335095
280;3df2697d-2b6f-4981-a584-5dc323bfdb84;M2;Charles de Gaulle - Etoile;48,87461393;2,29556737
290;ea229cd3-5220-40f9-b1bb-254cc1389174;M2;Ternes;48,8779727;2,298310375
300;86fe7668-389f-4a80-8e58-25a59ec038f9;M2;Courcelles;48,87921413;2,303528725
310;9769e1a1-be66-4f4c-860e-3d8a816a6855;M2;Monceau;48,88044946;2,309451168
320;10b62ae5-35ff-45db-af51-d2671b983651;M2;Villiers;48,88115003;2,315176626
330;f5e995d0-a5fc-456e-aa47-56206377bd98;M2;Rome;48,8822269;2,321274927
340;a19b50e8-8284-47de-a5d4-303e2f4e1058;M2;Place de Clichy;48,88361499;2,327839556
350;65f01e7a-26f3-47c6-9a6b-23709091885c;M2;Blanche;48,88395857;2,331926591
360;fc51df3e-c34c-4ba4-bb3b-9596338beb13;M2;Pigalle;48,88239015;2,337294791
370;a2f93f5e-583f-44b1-ace8-3c71fc827140;M2;Anvers;48,88286865;2,344130634
380;83fffe6d-c4b2-4ba4-a631-7078087c95af;M2;Barbès - Rechechouart;48,88380394;2,350613001
390;a7a96d0e-de76-41c3-bc38-88d12b04ed1d;M2;La Chapelle;48,8843988;2,360491319
400;ee8beb96-1812-440f-80b7-d9a7b0094388;M2;Stalingrad;48,88427894;2,365881358
410;c7a97b27-235c-4a4a-bfba-f9ca4f4501bc;M2;Jaurès;48,8814986;2,370262127
420;1806cd1d-602d-4895-ac58-6f74604c73ff;M2;Colonel Fabien;48,87761019;2,370811395
430;eb12bfff-2545-4cc0-bd66-abcb3bdee780;M2;Belleville;48,87231011;2,376702145
440;f988baae-2b18-4331-bbc7-1f3204b166df;M2;Couronnes;48,86909116;2,380542586
450;8ba4c93d-e391-4cbf-8025-e7331e4231c6;M2;Ménilmontant;48,86680004;2,38338325
460;f4d561ba-e7f2-42b2-b8f6-d82da069ea9c;M2;Père Lachaise;48,86265402;2,387607288
470;c1d5956c-b697-4a2c-973b-eb3c1c83c256;M2;Philippe Auguste;48,85846655;2,389729852
480;19422ca3-5505-40a0-b879-c8be1ac3228d;M2;Alexandre Dumas;48,85637736;2,394561945
490;ba1c12c8-b769-4226-9caf-375e0d03ac52;M2;Avron;48,85151028;2,398302344
500;a1acd0b7-df11-4b1f-b234-f22cc3494994;M2;Nation;48,84847429;2,395062305
510;1c3dc4ab-5954-491b-9800-fb2426118ddf;M3;Pont de Levallois Bécon;48,89782107;2,279809587
520;299b6e60-3fb4-4ad0-904e-5b1e9abe8bb5;M3;Anatole France;48,89208279;2,285009503
530;279eed37-af68-4aa9-ac9a-9aba0512bbfc;M3;Louise Michel;48,88870602;2,288083633
540;9d5578b3-14cb-4752-b3c0-7a49054c6e3e;M3;Porte de Champerret;48,88579311;2,292582314
550;d0bd14be-edba-4239-b164-fda2f7fcf3cc;M3;Pereire;48,88489626;2,297724346
560;9a0f60d6-785f-4467-ada5-503f1ddb96c4;M3;Wagram;48,8838092;2,304674441
570;c1cfecdd-ed53-468e-8a46-d6c5082960b0;M3;Malesherbes;48,88289192;2,309052265
580;fc75c25e-4614-4ec0-8528-b882d76982c5;M3;Villiers;48,88115003;2,315176626
590;59d6ed5c-e1a5-40a4-9cd2-64fede7c47ee;M3;Europe;48,87877037;2,322265213
600;425b6d44-f26d-4521-b737-a8b577bc437d;M3;Saint-Lazare;48,86408657;2,380797986
610;5560ad51-630a-4c94-9a96-fe45637e19d0;M3;Havre - Caumartin;48,87351339;2,32754308
620;7497e934-33d8-4143-ac73-b75e9841cc85;M3;Opéra;48,87099178;2,331989523
630;f438d7fc-4016-464b-8f26-d1e5bcb99a72;M3;Quatre-Septembre;48,86958524;2,336218848
640;7990755b-f930-4d27-a20f-2b1a597efd68;M3;Bourse;48,86869598;2,340720724
650;bd9c7ac1-a57f-4d37-97a8-74ce3b8e9724;M3;Sentier;48,86730948;2,347516213
660;9abe35dc-425d-43e3-9733-96c8861f77f3;M3;Réaumur - Sébastopol;48,8663403;2,352068318
670;5320b8bf-cb2c-49cc-bfca-d8934dbf07a2;M3;Arts et Métiers;48,86558648;2,356736757
680;c9be487d-dbc2-4aed-9dbf-4d47d6d61a84;M3;Temple;48,86668268;2,361541532
690;b02dedb1-5c12-4990-85a3-51b96860363d;M3;République;48,86702679;2,364247994
700;df3e3243-f9d4-4c3a-90df-429ed8bdb265;M3;Parmentier;48,86525379;2,37458197
710;7c5b978b-835f-481e-a408-1818c85fae36;M3;Rue Saint-Maur;48,8750064;2,32457481
720;85a18989-c8c3-4b4e-9f8a-cccc95167713;M3;Père Lachaise;48,86312321;2,385882449
730;b5b5dab5-ed60-4782-9efd-736be530c098;M3;Gambetta;48,86491669;2,39898444
740;e239d124-0875-4832-a242-a5584a957bd2;M3;Porte de Bagnolet;48,86460037;2,408031037
750;c678762b-4217-426b-95ba-2e201a5d27b2;M3;Gallieni;48,86533532;2,416697273
760;ed9de319-e425-4801-b53a-8e42740e5f4b;M3BIS;Porte des Lilas;48,87711051;2,406729246
770;2cf3a892-f374-42e3-b3f0-b7f8de2e4eff;M3BIS;Saint-Fargeau;48,87210144;2,404514942
780;07d0c083-a9e7-4f39-8526-50274cac3eb4;M3BIS;Pelleport;48,86844016;2,401561713
790;6af0419d-a071-45c7-931b-59155b7015e3;M3BIS;Gambetta;48,86516343;2,398746593
800;f45eccca-20a6-4114-859f-93224afd9f73;M4;Porte de Clignancourt;48,89740222;2,344847749
810;d8787d52-05f8-4770-abfc-cb1b3839e5e6;M4;Simplon;48,89394139;2,347765502
820;d1d23771-c86a-4e7b-9dbd-a035b2afa48a;M4;Marcadet - Poissonniers;48,89141683;2,349738407
830;e6aee936-3acc-471d-b108-eb8cc91bf364;M4;Château Rouge;48,88737491;2,349694082
840;57462cbc-7eca-4406-a66c-52107e06f2e2;M4;Barbès - Rechechouart;48,88343619;2,349774444
850;26320586-e7af-4abf-bd3a-bd8383359193;M4;Gare du Nord;48,87955128;2,356995164
860;154524ba-089d-4474-b1cf-9533abbd28b0;M4;Gare de l'Est;48,87599106;2,357880772
870;74958610-ad70-46b3-80e0-64a0a06164d7;M4;Château d'Eau;48,87242491;2,356044908
880;b72964b7-7ffb-4ca7-8729-baebb0b40c41;M4;Strasbourg - Saint-Denis;48,86949077;2,354391768
890;a2da50b7-0e06-48a7-9902-de0d454aa4f7;M4;Réaumur - Sébastopol;48,86606969;2,352459744
900;911b28ae-f78d-4cda-81ba-c97eb31dd9ba;M4;Etienne Marcel;48,86380744;2,348880653
910;48c85a26-a721-453a-aacc-e1258603bfa6;M4;Les Halles;48,86231628;2,345673828
920;c9afc5c0-8386-4ac7-ba16-b78795f4bc30;M4;Châtelet;48,85838237;2,34756483
930;a8285f92-4343-42ec-b41d-5a8e88b53687;M4;Cité;48,85493638;2,347321316
940;12706f88-0949-4d87-865e-dc27efd3cda2;M4;Saint-Michel;48,85316798;2,343285979
950;6f0be043-8753-47a5-af4e-873682e9e557;M4;Odéon;48,85230076;2,339727782
960;c5c61f9a-c2d7-41d3-9f01-5fde78f60865;M4;Saint-Germain-des-Prés;48,85371893;2,333776137
970;67e54c11-3701-49de-9b5a-d18be9e90e20;M4;Saint-Sulpice;48,85167225;2,331256291
980;d402283d-be4a-4e2d-b2e0-aeaf1abbe134;M4;Saint-Placide;48,84687824;2,326792785
990;73c193b7-7eb9-41c3-b5e8-74f92bc20b8c;M4;Montparnasse - Bienvenüe;48,8437813;2,324397012
1000;a4a70632-c11f-4002-a2d9-e39c82060717;M4;Vavin;48,84221841;2,329008926
1010;ba33f3f8-5a6f-4b43-bec5-80ebc9b8a9e6;M4;Raspail;48,83896428;2,330754192
1020;eb1fb494-48a4-4252-baab-0a5ebc29b41a;M4;Denfert - Rochereau;48,83345086;2,331740131
1030;4996164a-af29-49b5-9701-f6f496d538af;M4;Mouton - Duvernet;48,83111266;2,329705013
1040;1d708958-e2e5-4738-a9dd-6a02a5b6de4a;M4;Alésia;48,82818848;2,32716465
1050;61c65477-c6d8-4918-9f11-286bf3638bd1;M4;Porte d'Orléans;48,82341163;2,325575636
1060;6d195900-116c-4b85-bcb0-6d6f9bb695bd;M4;Mairie de Montrouge;48,81867641;2,319740313
1070;a172deef-108f-4889-b274-336bc256ac2f;M5;Bobigny - Pablo Picasso;48,90637477;2,449189904
1080;cd313e09-ce5d-409c-8ea8-55cac0dcd5bc;M5;Bobigny - Pantin - Raymond Queneau;48,89545467;2,425326889
1090;72b9bbe5-8fd5-4b24-92ee-d5f0ddada128;M5;Eglise de Pantin;48,89325759;2,41331314
1100;b1aed7a7-f269-484a-90f5-961cb3c541bb;M5;Hoche;48,89122859;2,402352143
1110;1bf4d462-672a-4ac5-a6ad-6bada09d7286;M5;Porte de Pantin;48,88850369;2,392113698
1120;80951edc-35d3-4481-b648-3b9853d91067;M5;Ourcq;48,88713487;2,386960017
1130;5ad86ac4-6613-470f-ae8e-51f8397749c8;M5;Laumière;48,88521618;2,379663077
1140;d42d11c4-1641-4bb3-88ff-c40ad18b9089;M5;Jaurès;48,88314745;2,371001441
1150;fac704ce-20a3-441a-ad2e-43b9b5c78b0c;M5;Stalingrad;48,88442089;2,36589382
1160;ba871a49-ba2a-4ef0-bcba-86559c28d894;M5;Gare du Nord;48,87985014;2,357459347
1170;979f7753-6044-4475-826d-9873b9020a51;M5;Gare de l'Est;48,87612635;2,358047505
1180;58d37da8-8d48-47cc-961e-0f83ab17777b;M5;Jacques Bonsergent;48,87080998;2,361027467
1190;01aec5d9-209a-454e-8f37-b877f74ffe8a;M5;République;48,86738447;2,36426495
1200;93a26e42-56a8-4918-8c8f-70e7982935be;M5;Oberkampf;48,86465788;2,368410026
1210;17714f09-edaa-4832-9c2b-25ed3e68ef9b;M5;Richard-Lenoir;48,85987362;2,37191398
1220;edd840a6-24cb-4415-9324-8e450ffaa381;M5;Bréguet - Sabin;48,85614071;2,370209338
1230;65c83b49-26fb-4371-ae38-8215908be7ff;M5;Bastille;48,85343696;2,368736573
1240;8d8db83e-f6b0-4fa5-90cb-1c202c6d973b;M5;Quai de la Râpée;48,8465154;2,365873469
1250;7e001018-784d-4f3b-ac17-a1c54b1d00b5;M5;Gare d'Austerlitz;48,84226539;2,365338653
1260;56a7621a-e8bb-4851-85cf-d786709ab583;M5;Saint-Marcel;48,8384273;2,360967168
1270;9882a61c-1ee8-44aa-a880-89660363666d;M5;Campo-Formio;48,83549536;2,358823489
1280;4ab9c0b8-bda1-434e-96fa-9897fd05fc11;M5;Place d'Italie;48,83097267;2,355580274
1290;1f2da068-67ea-4aa0-bcae-9c95dcc28948;M6;Charles de Gaulle - Etoile;48,87474865;2,295560256
1300;c437e277-9249-4a57-9f53-b499650885ba;M6;Kléber;48,87164977;2,29352429
1310;d7123303-29d4-407d-b36b-c117bf8b2324;M6;Boissière;48,86698311;2,290058835
1320;031acf11-25b2-4a06-98b4-5cfe7347daf1;M6;Trocadéro;48,86361094;2,287580163
1330;93e53aee-eb29-4366-98b1-0dd1447daec5;M6;Passy;48,85744869;2,285812444
1340;76e2aa2c-b01f-4e0f-86c3-d08605088205;M6;Bir-Hakheim;48,85394261;2,289334533
1350;f13c272f-3d8a-4a7b-842f-0d7415410f97;M6;Dupleix;48,85043455;2,29361244
1360;43cb2e8d-a03c-4539-975d-48113a7dc1fb;M6;La Motte-Piquet - Grenelle;48,84874167;2,298930912
1370;e359031e-93f3-4121-901c-1efcf919db2f;M6;Cambronne;48,84750708;2,302968299
1380;d1c36fe0-7027-46af-8680-d877c6426ee2;M6;Sévres - Lecourbe;48,84562697;2,30953149
1390;eaadd210-e039-48df-86fa-9f8d61a603d9;M6;Pasteur;48,84267682;2,312812773
1400;f4c3281c-5625-4317-8fac-0a7d2b566fc2;M6;Montparnasse - Bienvenüe;48,84210221;2,321278563
1410;ba55b1b7-623b-432d-a474-40f5a6fc0fad;M6;Edgar Quinet;48,84066323;2,326384611
1420;da728721-895f-43c5-a9e5-91cac3090415;M6;Raspail;48,83896428;2,330754192
1430;3def76a3-c0d3-4d2b-999f-c28d4adb2e8f;M6;Denfert - Rochereau;48,83429298;2,33285231
1440;ed544ed8-535a-4ce1-9430-9546d68747df;M6;Saint-Jacques;48,83290082;2,337135191
1450;f7564950-e922-406b-bc65-e5f80bad1576;M6;Glacière;48,83112955;2,343511658
1460;c3ff3def-9e04-4b96-897b-b31320fa9560;M6;Corvisart;48,82979051;2,350414872
1470;60b3084a-256d-4462-965b-d4300723a1e5;M6;Place d'Italie;48,83092724;2,356121939
1480;7aa3d05a-7558-4796-903e-5309201bd540;M6;Nationale;48,83321672;2,3628564
1490;f7be018c-07c3-4d8f-b500-aee8a6758038;M6;Chevaleret;48,83494772;2,368126329
1500;30e17dd1-b336-4edc-be27-2792b8d2710d;M6;Quai de la Gare;48,83704512;2,372825722
1510;cc8704fb-c908-463c-8159-6e2379666108;M6;Bercy;48,84038875;2,379911271
1520;758e7841-1a49-4e10-9c11-4cb6789edacd;M6;Dugommier;48,83904114;2,389620011
1530;33efcd47-ecc6-4752-9e72-cefb278dc89e;M6;Dausmenil;48,83954965;2,395703289
1540;27214370-e4c5-46ac-bb59-9d8da592c88f;M6;Bel-Air;48,84133825;2,400918538
1550;4acb6b43-e63b-41da-bc4c-7a8609cf16e5;M6;Picpus;48,84506158;2,40128902
1560;ae68412a-5504-4d74-8d80-1e7e95a44d9f;M6;Nation;48,84737488;2,395461995
1570;b7466cd2-1062-4ef1-a8bc-c01b8a106d1f;M7;La Courneuve - 8 Mai 1945;48,92078597;2,410598614
1580;f011b367-77b7-4c03-b63a-c8ae5c6fafa3;M7;Fort d'Aubervilliers;48,91494976;2,404409087
1590;cf95fa18-973e-40c0-a616-c9d59558b22f;M7;Aubervilliers - Pantin - Quatre Chemins;48,90375993;2,39228706
1600;60e334fd-e399-48b3-a2da-d95306aa6bde;M7;Porte de la Villette;48,89738989;2,385508388
1610;2ef6381b-4da7-499d-a30d-593505692b2f;M7;Corentin Cariou;48,89483647;2,382522343
1620;36dfacce-996a-41cf-86fa-11783b821d05;M7;Crimée;48,89078897;2,377315756
1630;7a1abb55-0e84-4bfc-b250-5825eb671c8c;M7;Riquet;48,88826762;2,374204012
1640;eed6aec9-53ed-42e5-bb4c-b695b4571f82;M7;Stalingrad;48,88438515;2,369391984
1650;5e36d407-7375-4399-8286-2438214f9725;M7;Louis Blanc;48,88128581;2,365544319
1660;972d75b1-8a40-4ef5-ba37-a4e83162d02a;M7;Château-Landon;48,87856563;2,362160072
1670;c5202f62-6a57-44bb-b057-422e3454ee38;M7;Gare de l'Est;48,8762727;2,358057904
1680;d8850a9e-5419-4051-8b8a-c515a3b9c3a2;M7;Poissonnière;48,87723632;2,349293902
1690;1fda4799-6798-4c5c-9594-04c34b8024da;M7;Cadet;48,87589068;2,34412603
1700;328c2fa9-8a9f-4b0b-a4d4-9cfc2b3787f2;M7;Le Peletier;48,87487434;2,340199884
1710;817870c1-d954-41de-926c-72dd4c8e4eeb;M7;Chaussée d'Antin - La Fayette;48,87310927;2,333451219
1720;4e145214-f40c-4cf3-b4aa-76e0c987ff49;M7;Opéra;48,8704867;2,332407406
1730;d9826fce-40f6-4c37-98a9-f09e3de33bd2;M7;Pyramides;48,86598092;2,334330724
1740;0f5796bf-b157-4c46-9427-f9071fc75312;M7;Palais Royal - Musée du Louvre;48,86282967;2,336878398
1750;27e3286a-d4bb-418f-a973-c2f843201e4a;M7;Pont Neuf;48,85855383;2,342232759
1760;9046fec1-7211-4c22-bdc3-f28e5aff4f2a;M7;Châtelet;48,85705997;2,34771188
1770;96ccc5b7-dfca-4b67-8912-e9f144e4f0b8;M7;Pont Marie;48,85357547;2,357162572
1780;cc60fc70-a0e1-44ca-b0d2-7c5aaf2bb761;M7;Sully - Morland;48,85123768;2,361985141
1790;7069efeb-bc47-4edf-bda1-82d5f4787e58;M7;Jussieu;48,84595067;2,355050263
1800;79b04856-e340-4c50-8358-fb946ec65095;M7;Place Monge;48,84286683;2,352224728
1810;6d6b6937-0ecd-4e41-916d-3b756bd7a041;M7;Censier Daubenton;48,84048665;2,351739487
1820;8340f9f1-977c-4eb8-bd20-24ad28847bc7;M7;Les Gobelins;48,83586348;2,352588926
1830;9cc8c832-0b9a-4960-8b00-bf69bd1424ab;M7;Place d'Italie;48,83143363;2,355643643
1840;89955209-9e05-4936-b935-ce002b119ffd;M7;Tolbiac;48,82642601;2,357245651
1850;0b14e413-a0b1-45fb-8170-a7d50d4b6461;M7;Maison Blanche;48,82243783;2,358473884
1860;07372633-832e-4c75-902b-975bae2c2dd2;M7;Porte d'Italie;48,81922335;2,359705217
1870;31d6de51-e073-48f9-a9c5-59ad322019ff;M7;Porte de Choisy;48,81987622;2,364531952
1880;b010b770-f802-4990-98c1-884401bee0e8;M7;Porte d'Ivry;48,82135578;2,369290587
1890;6ace4581-1c73-425d-81ce-b2dceae26a91;M7;Pierre et Marie Curie;48,81593076;2,3772672
1900;6b79ba58-9fc2-462c-9bec-dd6a77fbd72a;M7;Mairie d'Ivry;48,8110992;2,38355148
1910;a7378aa1-6fea-4a6d-bfb6-75e379e66bf2;M7;Le Kremlin - Bicêtre;48,81012996;2,362263387
1920;5749252d-700f-4976-bf15-754b7909451c;M7;Villejuif - Léo Lagrange;48,80468812;2,363953197
1930;1532119f-7f5e-423c-a2f7-db0e6b4e8e4c;M7;Villejuif - Paul Vaillant-Couturier;48,79648308;2,368269541
1940;c70516f4-ea24-4cd6-8270-293358f1350b;M7;Villejuif - Louis Aragon;48,78756279;2,367804107
1950;e7bab5a6-d571-4233-8abb-568b0a0df76b;M7BIS;Louis Blanc;48,88140473;2,365218782
1960;132489eb-4061-402f-9ba5-50755201633c;M7BIS;Jaurès;48,88246525;2,370157962
1970;f2854df6-abe0-49f1-bccf-43596611bae5;M7BIS;Bolivar;48,88082126;2,374147154
1980;bd60d06b-6e24-4bc6-a61d-7cb42140cfb9;M7BIS;Buttes Chaumont;48,87851411;2,381614512
1990;4bbb64d2-55cb-4576-b70c-3777b789dd03;M7BIS;Botzaris;48,87948177;2,389115807
2000;5cbb007d-8b80-4788-999d-d285d54ba325;M7BIS;Danube;48,881932;2,393445456
2010;b0159fb7-cc52-43e7-92e9-c4b3d21f2b92;M7BIS;Place des Fêtes;48,87694985;2,392983965
2020;98f2d262-eeea-4515-808a-db431fa208bc;M7BIS;Pré Saint-Gervais;48,87999579;2,398946662
2030;0a5ea39e-e669-4770-be27-651690edd9d9;M8;Balard;48,83593088;2,278161671
2040;f5335d21-d7ad-4ab9-bc63-86d5cbb0e474;M8;Lourmet;48,83896094;2,282700027
2050;98eb1899-bebf-4241-800b-2d3574733c8a;M8;Bousicaut;48,84109406;2,287945767
2060;7b4d56f3-471d-40c9-bed7-52f6eba01b6c;M8;Félix Faure;48,84274678;2,291912413
2070;ce409036-a084-4365-8f0a-b0cb0520d077;M8;Commerce;48,84479476;2,293951964
2080;418bdc65-4b7d-443f-a024-1200bc1b5557;M8;La Motte-Piquet - Grenelle;48,84935055;2,298301402
2090;605879b3-3e75-486a-8d99-7e6a6614809b;M8;Ecole Militaire;48,85468216;2,306097404
2100;d2b3b690-3816-4b8c-aa62-24917648d62d;M8;La Tour-Maubourg;48,85772541;2,310565961
2110;d522db49-61de-402c-a168-0f16bfcf8e8f;M8;Invalides;48,86232533;2,315138432
2120;39cd89b6-2ed3-4ef5-ac7c-e5903f131c96;M8;Concorde;48,86681837;2,322082849
2130;ea285362-8547-46d3-9477-931b470d0f79;M8;Madeleine;48,86963317;2,326272274
2140;6f37ba26-77e1-4105-8840-a3ca42c98c1e;M8;Opéra;48,87064173;2,3321386
2150;9935d16b-398e-4b71-81eb-c2fadd07a4ab;M8;Richelieu - Drouot;48,8717866;2,339030547
2160;d87b4a39-5067-4466-8765-23a177d692e5;M8;Grands Boulevards;48,87149774;2,343154773
2170;bea4f9bd-c26b-47cf-b37d-b373220a32a4;M8;Bonne Nouvelle;48,8701642;2,350497972
2180;6014b488-6855-4d24-9291-e4a40fe4cde0;M8;Strasbourg - Saint-Denis;48,86922417;2,354603791
2190;b15b689a-f391-4a2c-8727-0073778518ed;M8;République;48,86715873;2,363957837
2200;7006e1f8-4bc7-4f7c-9b72-1be9c3ebc47e;M8;Filles du Calvaire;48,86325795;2,366661095
2210;c3c94791-c81d-4bd0-aed8-dd858c1947ca;M8;Saint-Sébastien - Froissart;48,86116887;2,367210866
2220;0501d5fd-3876-4734-811c-81cfecf5be13;M8;Chemin Vert;48,85742004;2,368108291
2230;453339c2-ccb9-482b-92aa-03e6b29e613d;M8;Bastille;48,85343943;2,36951357
2240;72d5c10b-eef1-4d6b-8764-568a4dfe57fe;M8;Ledru-Rollin;48,85127113;2,376118773
2250;169febff-1b63-44eb-978f-400f67d02125;M8;Faidherbe - Chaligny;48,85017786;2,38409221
2260;7645c3cc-86f7-4312-ba31-a2ebe9038ee3;M8;Reuilly - Diderot;48,84712872;2,387025242
2270;92f7d062-8188-48c2-a14b-e3472522efc1;M8;Montgallet;48,84440867;2,390075113
2280;e35c326a-0b77-4b12-9da6-79789ce2a5c4;M8;Dausmenil;48,83944543;2,396182886
2290;08910f40-ddb5-40a7-884c-a2c9c7070054;M8;Michel Bizot;48,83711701;2,402333166
2300;a036f675-ab4d-4096-bfa2-de5c78d9e4f7;M8;Porte Dorée;48,83478516;2,405383211
2310;a809871f-e266-43c2-baf3-133b134805f3;M8;Porte de Charenton;48,83316293;2,401448054
2320;76ce7521-778e-4a8c-b8ac-38c7d2bef55d;M8;Liberté;48,826055;2,406742226
2330;b20e640f-c2e3-4ed8-9a06-6aef2dfca451;M8;Charenton - Ecoles;48,82159577;2,413737518
2340;594e152f-840b-454b-a5de-ebc570d55d06;M8;Ecole Vétérinaire de Maison-Alfort;48,81480301;2,422376143
2350;a167312b-b88b-47a3-8f6f-925b3a70d6a7;M8;Maison-Alfort - Stade;48,80914436;2,434509896
2360;19584eb2-62ad-4fe3-bac1-22af2eb5a679;M8;Maison-Alfort - Les Juilliotes;48,80263769;2,446927484
2370;fed166b5-d6b1-44bd-9e24-1d23da0e12a5;M8;Créteil - L'Echat;48,79674077;2,449433176
2380;4d5c04fa-e4c0-4163-b408-8c4230a32d5a;M8;Créteil - Université;48,78997831;2,450453178
2390;8ce7ebbc-6abe-4f49-a278-702a0443370c;M8;Créteil - Préfecture;48,77990532;2,459368396
2400;a3093a0a-b2c1-4bbf-9aed-295215cbf8f2;M8;Pointe du Lac;48,76871513;2,464564993
2410;97b91d0e-3882-41d3-bdbb-ce8cb50144f0;M9;Pont de Sèvres;48,82967484;2,230799591
2420;13c41adc-2502-4b2f-b7bd-d76360664528;M9;Billancourt;48,83211056;2,238639349
2430;1feb8620-6d9d-4cc2-bef7-79a24eff8bfc;M9;Marcel Sambat;48,83370885;2,243840592
2440;a19bb1ed-5164-4a3e-82e2-8736b844d6b6;M9;Porte de Saint-Cloud;48,83796121;2,25712223
2450;94d12ccc-31a5-4da4-9ed4-44da0588947a;M9;Exelmans;48,8429387;2,260032902
2460;f3aab47b-024e-4644-b9dd-058a089c2a76;M9;Michel-Ange - Molitor;48,84505817;2,261745125
2470;a95f7f34-baa5-49a5-96e4-7dd6b16aaa8b;M9;Michel-Ange - Auteil;48,84789565;2,264082031
2480;3239b99f-00a4-4ecb-8722-702ad5470a2f;M9;Jasmin;48,85250409;2,268176749
2490;cd9992f4-dfd1-46f3-aaad-28c9c54f0ed3;M9;Ranelagh;48,85548505;2,270109139
2500;62182295-a2c2-4829-bd4b-ad7d28fa8398;M9;La Muette;48,85804606;2,274154631
2510;7a08b690-4780-4b6d-b7ef-6f44ee94ed9a;M9;Rue de la Pompe;48,86397445;2,278112558
2520;00419aee-1c76-4f1e-bda0-e0e3eac65898;M9;Trocadéro;48,86306502;2,286243171
2530;ae753c7a-8e67-409a-97fc-0a2ab4a66b63;M9;Iéna;48,86479407;2,294162018
2540;ef8e5821-f769-443a-a146-345e709cf109;M9;Alma - Marceau;48,86476685;2,300991004
2550;833f96c2-0da1-47b2-a6f6-9c1e50dcc47d;M9;Franklin D. Roosevelt;48,86869985;2,309505157
2560;e841c0c0-7b2a-4da9-9779-06f0c99a7b07;M9;Saint-Philippe-du-Roule;48,87242238;2,310038345
2570;47bf9b32-5909-4fd3-9608-5ee76110a305;M9;Miromesnil;48,87370953;2,314606322
2580;9acb92c2-faac-4d7d-a10d-2c54b3cf3cc9;M9;Havre - Caumartin;48,87371341;2,32769541
2590;63537095-223a-42b6-8a26-1e2ad70aa283;M9;Saint-Augustin;48,87455838;2,321361928
2600;ec6e5c91-fccf-4c94-a5fc-5f5f25d8594d;M9;Chaussée d'Antin - La Fayette;48,87293766;2,333479132
2610;80c2301d-e86a-4d08-8a3e-a74718dd76bb;M9;Richelieu - Drouot;48,87215235;2,339115039
2620;98957eff-0f88-46ef-b5a9-da35963b9b82;M9;Grands Boulevards;48,87149774;2,343154773
2630;65ebc1f8-2355-4dbd-997d-5c060dcb3773;M9;Bonne Nouvelle;48,8701642;2,350497972
2640;e7e5d05f-8f22-433a-8219-791a337d4bef;M9;Strasbourg - Saint-Denis;48,86922417;2,354603791
2650;1616e4eb-50f4-4073-b7c4-ddf714264278;M9;République;48,86711164;2,364234946
2660;62e62d2c-89c1-4d2a-b35f-da04b9e79a2c;M9;Oberkampf;48,86472762;2,368496387
2670;fdb60f78-1eac-43e7-a8b0-5cd6845e3843;M9;Saint-Ambroise;48,86101926;2,374733431
2680;a1e61df2-3e6e-4ad7-b4e2-583a7c0e77f6;M9;Voltaire;48,85745372;2,380718786
2690;44ab4ba5-6853-430e-8431-e13df403753a;M9;Charonne;48,8545805;2,385563481
2700;0848372f-263b-4116-9575-b66a8eeb6ec3;M9;Rue des Boules;48,85231543;2,389378128
2710;68cf43b0-06f8-4a86-a6fd-2bdaffc8f49f;M9;Nation;48,84894465;2,395879435
2720;6df8b304-fd48-45d0-9b4f-1ea7f1987c3c;M9;Buzenval;48,85181213;2,401022271
2730;b89c5ac6-45be-483f-99be-bfb9fa5f5bce;M9;Maraîchers;48,85272512;2,406089162
2740;b19203ad-f4b6-42fd-84fb-f26468121b72;M9;Porte de Montreuil;48,85354392;2,410626426
2750;c5cb5cd6-902b-4a9d-a059-18d679aa9f7f;M9;Robespierre;48,85572643;2,422983216
2760;28fe3626-46ca-4281-a3f9-d72de91f8be6;M9;Croix de Chavaux;48,85796559;2,435555716
2770;b91afbc5-7932-45ce-8662-1a47faaacbab;M9;Mairie de Montreuil;48,86193691;2,441310941
2780;63544981-bb7c-4209-bea7-102072fedbc2;M10;Boulogne - Pont de Saint-Cloud;48,84074502;2,228536982
2790;50e043bb-43cd-41a3-927c-2fb4b82bf83d;M10;Boulogne - Jean Jaurès;48,84200535;2,238887326
2800;aed0b90e-658e-4f41-8daf-163dd961de57;M10;Porte d'Auteil;48,84797154;2,25774468
2810;b88c58c3-b9ad-4f01-a810-403dfdcff170;M10;Michel-Ange - Auteil;48,84793481;2,264218777
2820;50d08b2a-2260-4b57-9999-de955b44c36c;M10;Eglise d'Auteil;48,84715006;2,269135873
2830;3ab35ee9-604d-4eac-a941-29c2c867f53d;M10;Michel-Ange - Molitor;48,84524757;2,261623492
2840;6366dff0-b4a0-4ba3-8124-6f38ec415484;M10;Chardon Lagache;48,8452047;2,266441543
2850;7d3a8da5-cd04-43b4-9031-f96af785a084;M10;Mirabeau;48,84713101;2,272763753
2860;9100a9b6-a5d0-4b72-a1de-76015ffd541e;M10;Javel - André Citroën;48,84612367;2,27771174
2870;31491e7d-de5f-486d-8cb2-538c20c78908;M10;Charles Michels;48,84653464;2,285999223
2880;b6a9f9f6-aae2-4aa6-90b2-d1480f268655;M10;Avenue Emise-Zola;48,84701958;2,295420478
2890;738f1322-411b-4cf5-a367-1ba41f472b1f;M10;La Motte-Piquet - Grenelle;48,84935055;2,298301402
2900;40f7c26a-32f5-4347-b52f-e2590c5309c0;M10;Ségur;48,84706613;2,307402241
2910;e7a1d7d5-cc67-4779-8966-6459923b20ab;M10;Duroc;48,84698911;2,317005236
2920;dd85eee2-fac8-4e34-b28b-675745f03dcf;M10;Vaneau;48,84881637;2,321257863
2930;7dd56423-1d0e-48be-a157-d20a8a363f73;M10;Sèvres - Babylone;48,85119235;2,326488474
2940;00c3130b-1af0-4ee8-a111-913dba77c1a0;M10;Mabillon;48,85301677;2,335502053
2950;02040ce7-ca49-4639-8f91-54f65df79ee7;M10;Odéon;48,85216726;2,339646336
2960;0ac00d16-b248-455d-b8b7-ca38205c13c8;M10;Cluny - La Sorbonne;48,85105028;2,344273345
2970;210f6272-d028-4394-9f3b-151ceca81043;M10;Maubert - Mutualité;48,85012732;2,34805429
2980;496acafa-f128-499e-9df6-de4721da1c2b;M10;Cardinal Lemoine;48,84665685;2,351623256
2990;3b879b61-66f0-458a-b736-cd6fe06b58a5;M10;Jussieu;48,84615112;2,354917984
3000;6429e188-69bb-4dc7-8b46-c704e72841b1;M10;Gare d'Austerlitz;48,8424368;2,365184812
3010;dbdbbb8b-724e-4cb7-af3f-a8d4094d0b87;M11;Châtelet;48,85755636;2,348308895
3020;51b86454-e062-49fc-b7f8-784b20e66b71;M11;Hôtel de ville;48,85745183;2,351008461
3030;f75c89cf-60d4-49d0-9c7f-746a897b8ff1;M11;Rambuteau;48,86120499;2,35349574
3040;67a9e5c5-145f-4912-9520-ba5b689b7785;M11;Arts et Métiers;48,86532271;2,356729869
3050;f1ad70bd-5d00-43df-8f2f-d403a99954e8;M11;République;48,86750342;2,363826144
3060;4210c802-0926-44df-a4a3-150a0081b1aa;M11;Goncourt;48,86995751;2,37109484
3070;0781e432-ee8b-4a7d-805d-6402004e8a85;M11;Belleville;48,87184879;2,376593683
3080;ae3b3a1f-8fc7-490e-b87e-04e0ee595633;M11;Pyrénées;48,87388185;2,385316215
3090;d86f7504-b630-4e13-91bc-a4396bb40a01;M11;Jourdain;48,87511182;2,389415032
3100;f327c7c3-fd0f-498d-9955-fc5767c24166;M11;Place des Fêtes;48,87680639;2,393056093
3110;67d64876-9e73-4261-a091-9498c168fa6b;M11;Télégraphe;48,87547446;2,398867594
3120;2f7ffcbd-6ec8-47c7-951c-6e03298a828c;M11;Porte des Lilas;48,87717482;2,406480157
3130;f919412c-bc73-4a31-af28-dcf96fdf5de3;M11;Mairie des Lilas;48,87976125;2,416479644
3140;23d4d43e-f60c-4a5c-9adb-45b88cba4c61;M12;Front Populaire;48,90656715;2,365920319
3150;29203577-26e0-4c0f-8968-e590c17c8c56;M12;Porte de la Chapelle;48,89724529;2,359507869
3160;a9f5921b-636b-4aae-a36e-aaee08d66ae6;M12;Marx Dormoy;48,89048545;2,359995766
3170;e8a7c66f-1db1-41fc-97a0-519752af401e;M12;Marcadet - Poissonniers;48,891465;2,349815452
3180;f37a9c7c-c379-4820-97ef-c39c0d28d64c;M12;Jules Joffrin;48,89243959;2,344657004
3190;b6292394-33ed-4d42-99af-fc759816f47c;M12;Lamarck - Caulaincourt;48,88967407;2,338760649
3200;7f8d6d80-c775-4d3e-8b40-968297a53ed8;M12;Abbesses;48,88459421;2,337949777
3210;8290b734-bb90-4c7a-9c3a-9926a5e25ff3;M12;Pigalle;48,88251939;2,337081683
3220;6b0bd413-e2b1-444b-b1c9-419640459c9b;M12;Saint-Georges;48,87842526;2,337595083
3230;b4178126-b9be-48a5-9da9-4995be3d924e;M12;Notre-Dame-de-Lorette;48,87602621;2,337886489
3240;8a09c6fb-8dfd-4029-9c54-3dbd1de1dbe3;M12;Trinité - d'Estienne d'Orves;48,87631796;2,332543027
3250;c74b2c33-d410-4540-aa4b-6dca528df34b;M12;Saint-Lazare;48,87545377;2,3267852
3260;ad8f3b37-7952-4a80-8c25-4f4a98604018;M12;Madeleine;48,87009973;2,32516411
3270;52b3674d-e0dd-4997-ac4d-149e2874e0f9;M12;Concorde;48,86616711;2,323175681
3280;c9d4c0ba-ec0c-4707-9efe-06b988e4c967;M12;Assemblée nationale;48,86078696;2,320998192
3290;c21253f0-3656-4e03-8a6f-d881b4602cf6;M12;Solférino;48,85851113;2,323154856
3300;d68d0af9-d830-4d79-966b-ff20ed103c5c;M12;Rue du Bac;48,85555094;2,325712422
3310;34e3b10f-a0b2-47fb-859f-726999a23ea2;M12;Sèvres - Babylone;48,85176205;2,326822569
3320;e8c03204-0343-4fc5-ad3f-c45cbf5ce11b;M12;Rennes;48,84845785;2,327782127
3330;749f5b88-6fa2-4965-85ca-685b45f66e25;M12;Notre-Dame-des-Champs;48,84494263;2,328778027
3340;56f37902-496a-4972-8020-d9013b6b1a63;M12;Montparnasse - Bienvenüe;48,84373549;2,324353041
3350;2b37d9be-e1e2-433b-a78f-eea8f1e01ffd;M12;Falguière;48,84447014;2,317852783
3360;7f4eee61-63d3-4585-bec2-9f50d878c46f;M12;Pasteur;48,84287128;2,312447513
3370;66ae66fd-d41c-445b-b949-446c507ab783;M12;Volontaires;48,84150552;2,307948679
3380;b6c6c012-4d4a-442e-8229-1e085610d1ce;M12;Vaugirard;48,83951659;2,301107515
3390;b8eb7c7e-f1a0-4cc2-a9c2-4e645968d298;M12;Convention;48,83730749;2,296630343
3400;a1d0c8bf-3d74-4bd4-8353-4908580d1d91;M12;Porte de Versailles;48,8324491;2,288022141
3410;6b32d616-b653-4c28-8e36-87c8a5541940;M12;Corentin Celton;48,82708545;2,279411682
3420;fc879346-c702-422d-9ca0-d525a85dbc1c;M12;Mairie d'Issy;48,82410503;2,273041525
3430;f6c0832c-5a37-47de-9809-664a8c4a3cb6;M13;Saint-Denis Université;48,94584566;2,364541763
3440;1a8b84ed-371b-439e-a7b7-72c6a064d3c6;M13;Basilique de Saint-Denis;48,93652685;2,359398261
3450;0b2dac6d-bb06-407a-815d-5b8b3d54e846;M13;Saint-Denis - Porte de Paris;48,92993589;2,356035794
3460;03581468-f245-49d3-8681-cc1c5df8d34b;M13;Carrefour Pleyel;48,91957307;2,343305931
3470;e91dc804-2da0-40ce-aea7-1f64f40ca129;M13;Mairie de Saint-Ouen;48,9119649;2,33392489
3480;b03a3253-ea80-4ff6-9e63-d7d526bfa194;M13;Garibaldi;48,90609405;2,331830838
3490;7e5a1dd4-9b90-4989-b44a-6b35f8a13f14;M13;Porte de Saint-Ouen;48,8973748;2,328942813
3500;6874ad8d-3d67-423b-b872-fd0093484c73;M13;Guy Môquet;48,89282885;2,327428459
3510;d6fdebfd-2ec5-4ee9-b778-6416efbb82fd;M13;Asnières Gennevilliers - Les Courtilles;48,92310378;2,286279578
3520;046264bd-c840-4781-9a32-7b112b97e34d;M13;Les Agnettes;48,930757;2,284174448
3530;4c1e833f-c363-4d65-a2b5-811c652f0fef;M13;Gabriel Péri;48,91638231;2,294685112
3540;64f589f5-2b5a-4d91-ac43-68ca31730a14;M13;Mairie de Clichy;48,90333009;2,30592415
3550;57094566-b93a-457e-b065-5a0ecb8604d6;M13;Porte de Clichy;48,89425226;2,313772159
3560;50af193c-1baa-4b7b-a7f1-c846edf34f88;M13;Brochant;48,89058719;2,320174756
3570;bb95460c-169a-4af7-915c-ca9ee0d5077f;M13;La Fourche;48,88718395;2,325779675
3580;ce294054-6da6-4c65-9bff-ba634799d39c;M13;Place de Clichy;48,88380453;2,327243412
3590;0af924e5-a348-452d-b952-42cceda89966;M13;Liège;48,87963476;2,327022201
3600;0538c6d9-110e-4e78-95ea-c54f47c25e1d;M13;Saint-Lazare;48,87535496;2,324818285
3610;463ebbb5-4290-48dc-b2c9-333c4f007b62;M13;Miromesnil;48,87376999;2,314456036
3620;891ef774-ed18-49c2-813e-624a98ea2dc1;M13;Champs-Elysées - Clémenceau;48,86760215;2,313894129
3630;a08250b1-c397-4629-b8da-815f942f38d9;M13;Invalides;48,8623647;2,313909578
3640;5a295015-670d-4d85-a5c8-f3150e050d6b;M13;Varenne;48,85687138;2,315056637
3650;72748398-d735-4a8b-8cb0-3cfb9b92a50a;M13;Saint-François-Xavier;48,85144171;2,314408122
3660;8d12cf08-e2a9-4127-baec-01b3d1a1a216;M13;Duroc;48,84705255;2,316424352
3670;602f7ed3-bcf1-4286-a47c-258266973dde;M13;Montparnasse - Bienvenüe;48,84232744;2,320984836
3680;3a46d4c0-2768-4e83-a0f2-d9fdda27a386;M13;Gaîté;48,83863165;2,32249175
3690;4fb786d9-73a9-4037-b134-1d2c19703a90;M13;Pernety;48,83393639;2,318078285
3700;79cf121c-863e-4ac0-afc5-a9175956951b;M13;Plaisance;48,83182565;2,314122323
3710;85b044f3-3154-4295-a60f-702556a53a43;M13;Porte de Vanves;48,82779554;2,30553467
3720;568e8d77-7151-448c-b08c-badbd95a3e22;M13;Malakoff Plateau de Vanves;48,82258371;2,298464192
3730;2ab83e03-da24-4495-b838-072af3db041a;M13;Malakoff Rue Etienne Dolet;48,81530753;2,297077798
3740;d19b565d-ff83-4e07-aa16-232d25b57d64;M13;Châtillon - Montrouge;48,81074649;2,301678555
3750;a9e4878d-035a-467b-8715-75098d61b77d;M14;Saint-Lazare;48,87576459;2,324256033
3760;c7db3972-1b0b-4202-a9ef-1dcb33069525;M14;Madeleine;48,87066702;2,325752635
3770;a69d56f6-038e-493c-8226-6a6b1bcf1d05;M14;Pyramides;48,86590674;2,334189542
3780;22df1bb1-c6ab-4788-8194-fd97d494e025;M14;Châtelet;48,85770882;2,347944311
3790;0b8bfbc4-adf6-4dac-b354-e81b05daf694;M14;Gare de Lyon;48,84398558;2,37301422
3800;5bca94f6-e392-4061-825a-88847ad43c11;M14;Bercy;48,84000139;2,379554011
3810;ed251a9b-af7e-444d-8b9e-f5e693175d45;M14;Cour Saint-Emilion;48,83333856;2,386632402
3820;a0c023ae-d3b3-467e-ba8d-c74e923b74dd;M14;Bibliothèque François Mitterrand;48,82999028;2,375748144
3830;9ad44e7a-f9be-49f3-a3b5-c6ca35946be5;M14;Olympiades;48,82727084;2,368032648
3840;9b857c61-12e7-47bb-859a-2198b582ab65;T1;Asnières Gennevilliers - Les Courtilles;48,93021421;2,283722557
3850;1b564048-f8c9-4e89-9bd1-70f44488eef1;T1;Le Luth;48,931814;2,288656006
3860;aefd98fc-b8c4-48e6-84a6-a0fce8291cef;T1;Le Village;48,93335538;2,294602989
3870;f3994770-10f7-465c-827e-a3cb35e2877c;T1;Timbaud;48,93339383;2,300593399
3880;40e10f37-c67a-403d-ade8-6036d121a11c;T1;Gennevilliers - Gare;48,93344984;2,307089654
3890;d67809b0-f0c7-4afc-bc53-082c7b8abc44;T1;Parc des Chanteraines;48,93393203;2,313132641
3900;02d61793-8d11-4a35-b0d9-12b657fb9610;T1;Chemin des Reniers;48,93460857;2,321495198
3910;f69609b3-bef2-41ce-b9b7-d96339207c8c;T1;La Noue;48,93497583;2,326793312
3920;dc1ca581-7820-4406-857a-ff788c084176;T1;Mairie de Villeneuve-la-Garenne;48,93560571;2,334332913
3930;f3b11428-454c-4dc2-a67b-45bfc63e0143;T1;L'Ile Saint-Denis;48,93574804;2,339108387
3940;4a366cfc-2fa9-4037-abcf-16257979b2be;T1;Saint-Denis - Gare;48,93613469;2,346443762
3950;d8114696-f4e3-4021-b117-ef6c2c258fd6;T1;Théâtre Gérard Philipe;48,9375099;2,350400019
3960;e557ae69-850b-4ae3-8c64-c88fa35d3617;T1;Marché de Saint-Denis;48,93859778;2,35590281
3970;30fded01-f2d6-4674-9915-30274bcf6cf4;T1;Basilique de Saint-Denis;48,93808262;2,360746044
3980;64b80ea3-510f-4d97-9656-c873dd7f377d;T1;Cimétière de Saint-Denis;48,93638915;2,363640702
3990;70da602d-c626-496e-bfbd-7ee16df1c3cc;T1;Hôpital Delafontaine;48,9335864;2,371083172
4000;f057e575-ec6b-4159-adf2-87329061477f;T1;Cosmonautes;48,93173483;2,37822549
4010;cbde475d-869e-4015-b314-5ec5e5a8ed48;T1;La Courneuve - 6 Routes;48,92997103;2,384758861
4020;e526b2ba-3c2c-4e73-84c8-c7661c9abd1c;T1;Hôtel de Ville de La Courneuve;48,92740289;2,392471119
4030;e78e4d52-4fe7-46c5-9a5f-1509827a1d7e;T1;Stade Géo André;48,92437514;2,402073414
4040;aea23bb1-575e-45ea-a8be-9ab1febfdcbf;T1;Danton;48,92271119;2,406622754
4050;5834a68e-5174-4c0c-bf90-e90b4c5a8bf6;T1;La Courneuve - 8 Mai 1945;48,92078597;2,410598615
4060;8eaf8335-260d-4cac-a3d1-42e9df2ad201;T1;Maurice Lachâtre;48,91917903;2,413837182
4070;d610d0da-cb34-41e2-90ff-cb45a5524699;T1;Drancy - Avenir;48,91778373;2,417691093
4080;d96639ed-b475-4297-85bf-c42f2ef669dc;T1;Hôpital Avicenne;48,91583789;2,425009894
4090;8741bd73-4025-4db3-b090-5004c3c21e2e;T1;Gaston Rouland;48,91409326;2,431278003
4100;45dbba98-046d-44ad-9d2e-edc07ee7e4d2;T1;Escadrille Normandie-Niémen;48,91270498;2,435420993
4110;52ce8e2d-1d36-4054-8eca-9d30587917b6;T1;La Ferme;48,90966637;2,437487804
4120;22760f96-5422-453a-afd5-79545e644bd9;T1;Libération;48,90693183;2,438624496
4130;23ec68be-ddeb-4c56-b0f9-16cafda610cd;T1;Hotel de Ville de Bobigny;48,90653656;2,443992335
4140;8c9148fb-c777-46f1-b0d7-5b12822c0135;T1;Bobigny - Pablo Picasso;48,90653329;2,450004663
4150;6dce3bb7-6617-45d2-932c-c0cdf6f3e162;T1;Jean Rostand;48,90781255;2,454352827
4160;99a0144c-78aa-45c8-9070-d1944ef7e8f0;T1;Auguste Delaune;48,90670063;2,460523404
4170;a5796bdd-f55c-4300-a55d-3a30baf98bff;T1;Pont de Bondy;48,9047032;2,469971544
4180;0119fe10-b79b-4132-8547-f11e1cba592e;T1;Petit Noisy;48,9004173;2,465460481
4190;f9ca54e1-1a06-47a9-81fd-9be7340d4f72;T1;Noisy-le-Sec Gare;48,89591584;2,460330071
4200;de2d6f41-f607-41fa-8ace-0a55d25f08d3;T2;Pont de Bezons;48,92326825;2,217589799
4210;4949f7e4-eee3-4c17-b449-f5aa18e505b7;T2;Parc Pierre Lagravère;48,91751491;2,224812189
4220;edcc8051-a672-48d0-9dfa-b49ba6a06674;T2;Victor Basch;48,91404768;2,229571613
4230;b1e5cc4f-95f0-4f8e-a38d-bb00d308cc45;T2;Jacqueline Auriol;48,91080259;2,233988601
4240;e348ee0c-7ad7-46e5-adcd-a6857a158d28;T2;Charlebourg;48,90766458;2,238309302
4250;8cf26ad8-a64a-4c15-8faa-8cc14d5413e3;T2;Les Fauvelles;48,90276803;2,239542036
4260;a1343d46-453c-46c0-9f47-df49d85d629a;T2;Faubourg de l'Arche;48,8966644;2,240079252
4270;9eac591b-cf2d-46f7-949c-8940732d73fe;T2;La Défense Grande Arche;48,89212336;2,237213536
4280;6622d9aa-cd11-4e8c-ab18-f7af20f33adf;T2;Puteaux;48,88333488;2,233871434
4290;4ac93b4d-37f2-4da4-87d6-fb2801e0365a;T2;Belvédère;48,87600129;2,225959095
4300;9585be04-3942-40a1-b327-1a9611db1855;T2;Suresnes - Longchamp;48,86823878;2,221410604
4310;eb4c95ed-4c47-42c1-aa4f-8d27612bbab8;T2;Les Coteaux;48,85747141;2,22060356
4320;a30852ed-39d8-4aed-a99c-f62a3002d593;T2;Les Milons;48,84985049;2,221232683
4330;4642451f-7679-4afd-b97e-e4fcd28fe074;T2;Parc de Saint-Cloud;48,8431244;2,221851495
4340;d66ce2ac-7b32-4782-8688-1f09d8af31e3;T2;Musée de Sèvres;48,8290105;2,225312853
4350;5077c7b4-fd48-47c3-b7d5-6404f665e8a6;T2;Brimborion;48,82230993;2,23132316
4360;f6641e37-2dde-4f44-9a9b-12bd9c40b587;T2;Meudon-sur-Seine;48,81917433;2,238598338
4370;6ac86524-b4af-465e-b3e0-a2efb95bff84;T2;Les Moulineaux;48,82151752;2,251336156
4380;19f8efd6-0a2e-4846-8c39-18fa1156567b;T2;Jacques-Henri Lartigue;48,82476703;2,260539914
4390;786e0c78-8333-4c66-ab35-1a0b3f878233;T2;Issy - Val de Seine;48,82989016;2,263178566
4400;f4a0c075-3a95-4d47-9c62-ea4959333166;T2;Herni Farman;48,83475001;2,271241501
4410;30994d70-c159-4c1e-839a-663a7d76feac;T2;Suzanne Lenglen;48,83336534;2,276712091
4420;1ef92c71-db33-4df4-a6c4-633187a490bb;T2;Porte d'Issy;48,83169659;2,281470444
4430;2938068d-0723-4d9e-ae2e-b6ed2e4cfe1c;T2;Porte de Versailles;48,83187247;2,287207139
4440;f7dbdbe6-711e-479c-9b6a-c39db81761d8;T3A;Pont du Garigliano;48,83807589;2,271174402
4450;e80bc4f0-68e0-4b55-bc8b-2bb010d95fa2;T3A;Balard;48,83612298;2,278119177
4460;d1873d67-0045-4aad-9399-f60f0cd6551e;T3A;Desnouettes;48,83435817;2,284007243
4470;97fcc8ba-b9b4-42a2-968d-7f440b1074d2;T3A;Porte de Versailles;48,83267687;2,288069458
4480;7ec0bd17-23e8-4e64-be19-492f4a4de92d;T3A;Georges Brassens;48,82982638;2,295661983
4490;2b43246c-7a6e-4e78-99ed-5d2f8289f56f;T3A;Brancion;48,82867194;2,300851826
4500;492a49ce-ad5b-4576-8d24-fa21d1814f0c;T3A;Porte de Vanves;48,82741486;2,306635927
4510;bf34c9f7-334d-44db-95db-9ea5b4a6b13a;T3A;Didot;48,82592055;2,313380087
4520;a2f71cab-d5bf-4b2a-b892-89774a1381d4;T3A;Jean Moulin;48,82471102;2,318829691
4530;f8add28c-dc46-446f-a161-03ab816a27bf;T3A;Porte d'Orléans;48,82315163;2,325509578
4540;9e5f6279-b8ff-4273-93bb-f893d3376526;T3A;Montsouris;48,82150892;2,333339833
4550;a1553a2c-4959-4472-9e09-18c027f0da2b;T3A;Cité Universitaire;48,82035003;2,33858075
4560;c49ad2c3-91eb-4f34-978a-40de17509566;T3A;Stade Charléty;48,81950051;2,34580358
4570;9d8104e7-9a13-4559-9959-b389d98356e1;T3A;Poterne des Peupliers;48,82087336;2,350932878
4580;30005419-968c-4c53-bcb7-ccc399697aff;T3A;Porte d'Italie;48,81905151;2,360129742
4590;188b043b-c482-4602-8c37-190533196ef7;T3A;Porte de Choisy;48,81976127;2,364015462
4600;e9f7570a-3665-4b23-a23c-a42135a58f3a;T3A;Porte d'Ivry;48,82182956;2,370053604
4610;442ef402-d0c9-4ac6-9bd8-abd684a41791;T3A;Maryse Bastié;48,8243285;2,377584291
4620;bbbaf369-dad9-4b29-b05e-588c3b02e415;T3A;Avenue de France;48,82557023;2,381165592
4630;c89da75e-6e9a-4fcd-b4fd-2b6bd06ed52f;T3A;Baron Le Roy;48,83038859;2,393449698
4640;d5f9b87c-2cb3-45ba-9ff6-8b6df61267bc;T3A;Porte de Charenton;48,83199309;2,398350104
4650;d213d242-d52e-4f37-85da-1df1fb4fe539;T3A;Porte Dorée;48,83552221;2,406657147
4660;c7d36616-ab6d-4299-bb87-8718e2079f2e;T3A;Montempoivre;48,83984107;2,40886685
4670;512a203e-6d63-4750-9666-0106daa18d8d;T3A;Alexandra David-Néel;48,84377179;2,410132038
4680;81b5c0e4-c71f-4292-a58b-81c9739aeb09;T3A;Porte de Vincennes;48,84694815;2,40955143
4690;860ae6c4-f26c-4b0c-9703-f4a17454ab6d;T3B;Porte de Vincennes;48,84739389;2,409656056
4700;d5a91b3d-8b2c-4739-8132-2942942bcd91;T3B;Porte de Montreuil;48,85298728;2,410741136
4710;98ff3639-cf5c-45a9-803f-ca7f60dfd225;T3B;Marie de Miribel;48,85870401;2,409685687
4720;684ad633-17df-4bfd-b7ea-658b903dcb50;T3B;Porte de Bagnolet;48,86343374;2,408832465
4730;37db2c49-2eea-4b6b-9858-12492e530aef;T3B;Séverine;48,86752136;2,40897894
4740;d3c2e1f0-a477-4a66-92d4-6378c1d7934a;T3B;Adrienne Bolland;48,87240409;2,408577577
4750;4209adc4-6469-4f80-b037-7392d12ec860;T3B;Porte des Lilas;48,87656878;2,407034922
4760;8aa4fc6f-f1e9-4c9d-b9f0-9e19adacb345;T3B;Hôpital Robert Debré;48,87947037;2,401221761
4770;d14e2736-d704-4ff0-a14d-bfd5bfb76901;T3B;Butte du Chapeau Rouge;48,88501679;2,396751289
4780;749ffee9-fd63-45a7-8b93-72cfde50ef4b;T3B;Porte de Pantin;48,88900765;2,395681075
4790;6a46571a-87b8-45c4-bc89-d899c09c897e;T3B;Delphine Seyrig;48,89388028;2,397738851
4800;3c9d9f68-aa33-4a9c-ae98-bf52960fc55e;T3B;Ella Fitzgerald;48,89743285;2,39504175
4810;e15406eb-c4ce-4508-9b85-462d841ce16d;T3B;Porte de la Villette;48,89742874;2,386581433
4820;aa9f05fc-7c80-455e-a28f-7c0d9d388f6e;T3B;Canal Saint-Denis;48,89873399;2,380537035
4830;45702a36-687e-45dc-9975-a02ce684ef9c;T3B;Rosa Parks;48,89755281;2,373383796
4840;8fa2722b-3ca3-4873-a030-a3cda89ded50;T3B;Porte d'Aubervilliers;48,89860117;2,369036949
4850;9ee3d3fe-736b-44e2-b0bf-bdce1f44bb89;T3B;Colette Besson;48,8984911;2,363651382
4860;eebafe7f-38f3-4eff-834b-5bf227c3a249;T3B;Porte de la Chapelle;48,89839212;2,358375469
4870;a1b8e89b-d804-4c4e-849f-bf679837a71a;T3B;Dianne Arbus;48,89832556;2,35182955
4880;c745997a-4e24-4c94-924b-1409c54ad40c;T3B;Porte de Clignancourt;48,89802475;2,345228294
4890;4bd25c10-1b69-4aa2-8a97-b316375779e0;T3B;Angélique Compoint;48,89783239;2,33802674
4900;d96dc1f7-5bef-4926-91f7-39bc7bf413e9;T3B;Porte de Saint-Ouen;48,89767182;2,329830334
4910;2a74d8ba-7e8a-42c7-8399-015ca74328cb;T3B;Epinettes - Pouchet;48,89751672;2,323727913
4920;0b9e9e19-b0ce-4317-a450-52f211d2c47a;T3B;Honoré de Balzac;48,89622649;2,318802327
4930;09920331-27e6-4431-9f00-aa2cef953f19;T3B;Porte de Clichy;48,89453086;2,314064654
4940;0219a673-ae3f-41aa-bf3f-830ef64cb3a5;T3B;Porte d'Asnières - Marguerite Long;48,88965743;2,303104618
4950;c629918c-058d-4679-b679-4a7e949fc161;T4;Bondy;48,89404828;2,48034887
4960;7ac44109-933d-4166-a27d-c5c1a9400a4d;T4;La Remise à Jorelle;48,89309463;2,487910988
4970;efad9eca-0f61-4305-9ea4-cb97e7e3c1ee;T4;Les Coquetiers;48,89250476;2,499388457
4980;2521e98d-54d6-4a66-9aee-1b5444465d17;T4;Allée de la Tour - Rendez-vous;48,89714382;2,506408247
4990;4b36d935-75db-448c-9476-cef85202d53e;T4;Les Pavillons-sous-Bois;48,90244419;2,511699303
5000;01436b08-d5c8-49cc-91ef-372137d833a0;T4;Gargan;48,90816542;2,517025495
5010;ad3a29b1-dca2-46a6-bb21-e3f39b4f2cac;T4;Lycée Henri Sellier;48,9160965;2,515061446
5020;b9bf8a23-c286-4e45-bd97-96b548a1aaac;T4;L'Abbaye;48,92192614;2,516443535
5030;61347513-9085-4eab-a3a8-5c6c7a57a38a;T4;Freinville Sevran;48,9266402;2,519103764
5040;e4873286-7c2c-45c5-9192-31ce7fef2f1d;T4;Rougemont Chanteloup;48,93093418;2,515049662
5050;f2e45860-ab52-4dc6-8eae-9c5461e3eed0;T4;Aulnay-sous-Bois;48,93195024;2,496238281
5060;13d01e4f-9c0c-48f4-89a0-e5cea1c492a7;T5;Marché de Saint-Denis;48,93895016;2,356321867
5070;1a62b952-fb31-483f-b7cd-497c96c4883c;T5;Baudelaire;48,94212546;2,356729742
5080;31b12f24-15d0-4f32-a6b6-85e98285a7d4;T5;Roger Sémat;48,94481893;2,357006355
5090;1396047e-9442-4cf3-bea8-48b1480642ca;T5;Guynemer;48,94820813;2,357461526
5100;512a8c78-a8b8-4197-8c2b-f2b7c36726de;T5;Petit Pierrefitte;48,95263788;2,357978331
5110;a8fa5784-4af6-4397-96f8-156b42579e04;T5;Joncherolles;48,95557635;2,358322856
5120;086e7c15-7ed1-436c-86b2-e2de8e0f150b;T5;Suzanne Valadon;48,9591211;2,358742504
5130;c81b2a60-0400-4c58-89f8-ffc37ce21c50;T5;Mairie de Pierrefitte;48,96351795;2,360250759
5140;a6e994ff-5d41-4560-a372-d4c42f4028a1;T5;Alcide d'Orbigny;48,96585557;2,363572224
5150;fac7f2ba-8fa0-4b87-affd-ee5d01498ac0;T5;Jacques Prévert;48,9708834;2,366003889
5160;6051d85e-871b-4c89-a717-f5ee5985803a;T5;Butte Pinson;48,97365901;2,366051716
5170;62893dca-0032-4dd8-9c70-d7fa690cf816;T5;Les Cholettes;48,97749309;2,372242924
5180;1bd33a5c-1356-419b-8071-e0d026bfe854;T5;Les Flanades;48,97666569;2,377419673
5190;ee9bc69e-be4f-4d3a-85ae-1ad873368af2;T5;Paul Valéry;48,97927613;2,380204254
5200;7e2c7271-35d4-49c5-a9e1-5c83836b5fe8;T5;Lochères;48,97852462;2,385049192
5210;b618fba3-3687-4ffd-87bf-b3e3db0ff794;T5;Garges - Sarcelles;48,97716072;2,390674881
5220;69ad7986-9ba3-4b96-971a-eeba9a1a3a22;T6;Viroflay - Rive Droite;48,80570415;2,169070049
5230;e6085529-e420-48e1-a657-0026bfa3432f;T6;Viroflay - Rive Gauche;48,80107761;2,170967401
5240;c6f3a9bd-48db-4802-9a1b-c4754d4d8deb;T6;Robert Wagner;48,78512141;2,17879859
5250;e7258eb4-02b3-4f57-ae05-82eb0372988e;T6;L'Onde;48,78198667;2,180493751
5260;8cedbeb9-2b4f-4eb1-ac96-907e7bc2b519;T6;Mairie de Vélizy;48,78045471;2,191409919
5270;f6c3097b-15e8-4244-a4f2-df5a5f1ccb21;T6;Louvois;48,78008715;2,196505812
5280;ce61977b-620f-40dd-9e7f-8f2a38280b88;T6;Inovel Parc Nord;48,78140432;2,209129227
5290;0f18f46b-eefa-4a6a-b169-3e473844f51a;T6;Dewoitine;48,78362462;2,214433502
5300;c0e9f85e-5481-4352-a4d4-f926874e1878;T6;Vélizy 2;48,78496976;2,220009517
5310;1129a184-5d5a-446a-a1ae-761a258b0f74;T6;Meudon-la-Forêt;48,78353933;2,225280295
5320;58889bff-aa45-4a01-ad93-78a87283d3c4;T6;Georges Millandy;48,78350098;2,230983559
5330;9792ff5a-6860-4043-acd1-961dfede7742;T6;Georges Pompidou;48,78490217;2,237132705
5340;eac57299-3747-47fd-9a9a-c8847932aeb6;T6;Pavé Blanc;48,78073097;2,239832018
5350;d0c02e1c-13d4-4835-90e4-617c42b757bb;T6;Mail de la Plaine;48,78368722;2,246977649
5360;cf8bf7b5-5e1c-48eb-8f39-eba4fb2e1266;T6;Hôpital Béclère;48,78671618;2,254502152
5370;700e7631-8f22-435b-a87f-b0dd4db68943;T6;Soeil Levant;48,790333;2,263389166
5380;5e9fa488-8d0d-4c8e-9aa3-98e34adea8d6;T6;Division Leclerc;48,79446888;2,272650345
5390;81a00112-3310-4949-995d-4638a4ff70d9;T6;Parc André Malraux;48,79988738;2,28195132
5400;bc054635-d16d-41ac-8958-5af4345d9da4;T6;Centre de Châtillon;48,80420494;2,289057254
5410;43bd9f87-2dfc-42ac-a25c-3cd7cf952414;T6;Vauban;48,80716985;2,294091244
5420;1af953a2-e746-4a0b-bd54-4408a3c969d0;T6;Châtillon - Montrouge;48,81060109;2,300357474
5430;2530624b-ad0d-417f-a67b-6e458619403a;T7;Villejuif - Louis Aragon;48,78728035;2,366988445
5440;844945b0-0a5a-441a-9283-a3baccbec895;T7;Lamartine;48,78310755;2,367157833
5450;e98d88dc-042b-453a-8478-9cd0522bd3ce;T7;Domaine Chérioux;48,77893639;2,367405865
5460;481e23e7-fc8e-45f0-b479-f29cdcf20788;T7;Moulin Vert;48,77207422;2,367815002
5470;201b3231-7a15-462e-bae7-6e09d0e14f39;T7;Bretagne;48,76822178;2,368041521
5480;94e034e7-7476-4607-96b0-7d15a351cda4;T7;Auguste Perret;48,76337515;2,367790536
5490;200dde2d-f470-4bfd-a5b6-628d10f70696;T7;Porte de Thiais;48,75957354;2,366398
5500;15dd6790-45d7-4d47-8b66-2576496c2b96;T7;La Belle Epine;48,75673943;2,368364699
5510;de1810cf-f18e-45f8-bf30-5cafb36ae33c;T7;Place de la Logistique;48,75281136;2,361952153
5520;655a94f3-09db-4cc1-83af-33ca6aef2480;T7;Porte de Rungis;48,75267435;2,355360989
5530;cf8e2a2a-925b-4b01-8d27-2ab19aeb793b;T7;Saarinen;48,75017404;2,354367279
5540;69a21709-603a-4ba5-8d2b-38f30df1027e;T7;Robert Schuman;48,74656859;2,352875341
5550;64ce6b66-de67-4011-87f8-ae023ed4d32f;T7;La Fraternelle;48,74168449;2,352795381
5560;3cad124b-9574-40f3-8bd9-58625a3be47b;T7;Hélène Boucher;48,73998743;2,359467821
5570;e6ce06c5-1ea1-4bb5-ad4d-06f5904672e1;T7;Caroline Aigle;48,73856278;2,369910147
5580;d1752386-6b89-4882-bee5-4920d58348f3;T7;Cœur d'Orly;48,73408816;2,371250376
5590;2f64b05b-4bce-4898-9144-92da9ecb971d;T7;Aéroport d'Orly;48,72955072;2,368264129
5600;4b309ad5-b012-4c75-b78d-aafb1391904a;T7;Athis-Mons - Porte de l'Essonne;48,71451273;2,371747143
5610;2058adb2-d272-444f-b1d7-71061b4ee9f9;T8;Epinay - Orgemont;48,95550448;2,295591695
5620;896c42c4-e05a-48a1-8819-368202b88202;T8;Epinay-sur-Seine - Gare;48,95584305;2,302222742
5630;17fd2bb1-a96f-4eab-9ecd-f7ef9c1c163a;T8;Gilbert Bonnemaison;48,95543743;2,307872568
5640;1a97967d-7476-4570-82a5-eb1c5801b4c1;T8;Lacépède;48,95587687;2,311526309
5650;56debb02-01ed-4fd6-aef9-048595ba547a;T8;Rose Bertin;48,95316825;2,315403612
5660;31e40fff-ca28-4cf3-96d5-5d9b0831ce3d;T8;Les Béatus;48,95170878;2,320216522
5670;7fece2ac-ba64-41ed-ab6d-15ee058fd046;T8;Les Mobiles;48,94993774;2,328832171
5680;54d387d7-338a-4bbe-be45-aaea43590f3a;T8;Blumenthal;48,94780765;2,339180923
5690;4bbea016-ed09-4f66-a685-2ac5d6d9f4d3;T8;Delaunay-Belleville;48,94555554;2,347312925
5700;9478be86-d49f-47dd-b1ed-ae1dc27e6885;T8;Villetaneuse - Université;48,95931814;2,342053801
5710;65864692-f3c8-43dc-913a-38ce5afdf144;T8;Pablo Neruda;48,95667185;2,343109236
5720;a6b1a1ed-59dd-4b88-b47a-2bd327b26698;T8;Jean Vilar;48,95272633;2,34346128
5730;e0e15a9f-73ef-4303-9d3c-2630697a0308;T8;César;48,94958135;2,342521826
5740;12167731-ba12-47f7-a470-e1cabff80b05;T8;Paul Eluard;48,93968871;2,345207506
5750;07d9f01d-3dc7-419b-9fbe-f49f41cd2879;T8;Saint-Denis - Gare;48,93526615;2,347862408
5760;3592a9d0-75f4-4481-a52f-34c5115722f6;T8;Pierre De Geyter;48,93205182;2,352701984
5770;9eee61f2-d9b9-44ca-b682-879cff2d1e08;T8;Saint-Denis - Porte de Paris;48,92981643;2,357292071
5780;0937c767-1064-4bd2-9179-26fd0b460bc3;T11;Epinay-sur-Seine - Gare;48,95456256;2,302305082
5790;9a3c238b-b3df-4257-a49d-588253a3b9db;T11;Epinay - Villetaneuse;48,95912802;2,3292757
5800;097c56db-e75e-4a6f-8b81-2e555a4b7176;T11;Villetaneuse - Université;48,96003376;2,343414544
5810;4f7f910a-d371-4c3d-9239-3672e36bb186;T11;Pierrefitte - Stains;48,96016289;2,365842108
5820;7d185a1a-8686-4555-b164-e6f27aefe864;T11;Stains - La Cerisaie;48,954929;2,390955086
5830;3905bab0-79a8-46a2-a550-b017ecdb99c3;T11;Dugny - La Courneuve;48,94363001;2,411473487
5840;0adcf928-174e-4d6a-8ad9-5dd86b2b172a;T11;Le Bourget;48,93020618;2,423464552
5850;ebd7f1d3-0c51-42ae-b771-58e8e8f62122;RERA;Cergy - Le Haut;49,0478762;2,01099976
5860;19b86470-b348-4c5b-8d7a-f28335cd60da;RERA;Cergy - Saint-Christophe;49,04964701;2,03429446
5870;94370a66-71b2-4016-81f1-0061f6c3c947;RERA;Cergy - Préfecture;49,03646398;2,07953494
5880;b1ba8cad-d50d-45ef-84b1-eced1843a3fa;RERA;Neuville - Université;49,01413369;2,078306591
5890;9f30a958-a99c-476a-bae1-4af8c573a3c6;RERA;Conflans - Fin d'Oise;48,99101255;2,073769886
5900;e2fbd799-5934-4f51-9292-e3a8f881d11d;RERA;Achères - Ville;48,97066505;2,077731766
5910;f8ad0f24-ca77-49a6-9458-ee450715bcc3;RERA;Poissy;48,93326541;2,04107229
5920;cdea3321-ab6a-435d-bf02-c462bda3b641;RERA;Achères - Grand Cormier;48,95540224;2,093521903
5930;359026e8-eed7-467b-b2f3-ec304fa66e6a;RERA;Maisons-Laffitte;48,94579593;2,144558757
5940;87ae680e-cbb7-4678-87fd-1ffc70c78c85;RERA;Sartrouville;48,93773606;2,157086498
5950;f86292b0-ac4c-420f-909a-3279c1c9df05;RERA;Houilles - Carrières-sur-Seine;48,92037937;2,185353376
5960;57f8cd2b-ca12-4671-acb2-72031835116a;RERA;Saint-Germain-en-Laye;48,89807641;2,094836628
5970;8e85877c-e792-4e4e-8b84-702620e138cf;RERA;Le Vésinet - Le Pecq;48,89797345;2,122117447
5980;72e00e05-1b5c-484a-bf5f-79652b8cfd29;RERA;Le Vésinet - Centre;48,89008624;2,134600875
5990;089414b4-fb0c-4c70-9605-1af506e27b09;RERA;Chatou - Croissy;48,88521122;2,155903472
6000;c484337c-351b-45af-ae02-69ccbcb68212;RERA;Rueil-Malmaison;48,88757362;2,172579449
6010;e076e4ee-7b86-45bd-aa93-032cd1445a89;RERA;Nanterre - Ville;48,89512589;2,195363987
6020;c7adb0d0-4ac2-4a89-8d70-f3161be846af;RERA;Nanterre - Université;48,90154967;2,215232347
6030;0c08b6de-a771-4ee0-a768-ed5815df333b;RERA;Nanterre - Préfecture;48,89574531;2,223212967
6040;68bf74b6-cf91-47ca-87f7-ccc6cbec9ef9;RERA;La Défense Grande Arche;48,89218708;2,237018056
6050;e17ca701-8954-424e-b6e6-f9cbce37ca91;RERA;Charles de Gaulle - Etoile;48,87423848;2,294490593
6060;91680d37-8e5c-4a01-ab95-85bd067a797b;RERA;Auber;48,87215749;2,329927171
6070;88b874bd-ab62-4b7a-bd51-73e100a39e72;RERA;Châtelet - Les Halles;48,86182227;2,347012687
6080;9dd92da4-21bc-4cf3-9abf-724a2481f1f1;RERA;Gare de Lyon;48,84413935;2,373259977
6090;fd511a28-80ea-4d12-973e-b1757195b278;RERA;Nation;48,84823711;2,395823589
6100;9a33c80c-7760-4dba-9474-8e384be04d51;RERA;Vincennes;48,84730836;2,433299718
6110;bd024e1c-efaa-409b-a8a3-4673962739b7;RERA;Val de Fontenay;48,85379558;2,488187575
6120;f836f28a-efa0-4003-8e0d-7ed9207b21ca;RERA;Neuilly-Plaisance;48,85348571;2,513825291
6130;f1c5cba4-07ca-46ca-a772-c0bd7415379f;RERA;Bry-sur-Marne;48,84490114;2,525922547
6140;68e04f13-dbf7-46b2-9e85-2e65e5ae2416;RERA;Noisy-le-Grand - Mont d'Est;48,84084343;2,547775189
6150;9f98631c-b81b-4c3f-b279-259a5a1ee70e;RERA;Noisy - Champs;48,84288484;2,580085912
6160;74b561e6-bb5b-4c2a-bcae-121af2e168d1;RERA;Noisiel;48,84349165;2,615952489
6170;814646ef-7372-4c92-84ef-3b0dff49636c;RERA;Lognes;48,8392193;2,633210913
6180;051a4092-7ea7-42cd-ac05-11ad57445c71;RERA;Torcy;48,83964552;2,655130087
6190;95cea1a5-d1d2-443c-9b10-de5987e9bfc0;RERA;Bussy-Saint-Georges;48,83653643;2,708981742
6200;d8526492-8d44-4d05-97e1-f5db95064b95;RERA;Val d'Europe;48,85539481;2,773433918
6210;fc1d6c51-72fa-4b09-b63f-a16828979bfa;RERA;Marne-la-Vallée - Chessy;48,86995013;2,782226723
6220;61545677-0e81-4a86-99e2-811968fe3d94;RERA;Fontenay-sous-Bois;48,84372026;2,463708038
6230;48bb3415-5b3d-47e6-a979-a2992a3cde6c;RERA;Nogent-sur-Marne;48,8342889;2,471681241
6240;c1faa51d-8402-45fb-94a2-be012b135077;RERA;Joinville-le-Pont;48,82103882;2,463856795
6250;365aaef1-a99e-4ad7-9edc-4d5ad3f981a2;RERA;Saint-Maur - Créteil;48,80620002;2,472720404
6260;fd755028-7cc9-4f76-b933-73c57e729010;RERA;Le Parc de Saint-Maur;48,80537766;2,486349749
6270;e4aa935d-da9c-4048-ac1f-8674ce6ace68;RERA;Champigny;48,80698507;2,510307237
6280;9b170c5f-5d64-420d-b8a9-372670d25964;RERA;La Varenne - Chennevières;48,79538384;2,5134233
6290;72b71daa-1ce1-41d1-a333-95b9c7180789;RERA;Sucy - Bonneuil;48,77170791;2,507482646
6300;6bea61dc-0e9d-4535-873d-fb1fd28a2fd0;RERA;Boissy-Saint-Léger;48,75218572;2,504559838
6310;859e65b5-cd9d-4a80-aba7-5c0f3d701401;RERB;Aéroport Charles de Gaulle 2 TGV;49,00975645;2,561232695
6320;c8751f1f-c610-4194-a217-981d66c1eeee;RERB;Aéroport Charles de Gaulle 1;49,00468746;2,570589486
6330;54440e0f-7573-4c08-8eab-8b6585f1cc7e;RERB;Parc des expositions;48,97342491;2,514360284
6340;4fe3ec90-e666-4ae7-a54d-ff128ac4bef2;RERB;Villepinte;48,96270951;2,512644628
6350;9099f5db-d217-48b8-922b-38f0dce52b21;RERB;Sevran - Beaudottes;48,94760756;2,524716389
6360;83406596-983c-4f39-ab06-f367a4c2303a;RERB;Mitry-Claye;48,97585876;2,642406305
6370;35c05628-147b-4c5a-b1cc-bd7368d2346a;RERB;Villeparisis - Mitry-le-Neuf;48,95314839;2,603135305
6380;a6ce4ab8-1bc6-434b-ab61-bb96e023c230;RERB;Vert-Galant;48,94418107;2,566448017
6390;5f43629b-1456-48b7-955e-6658730857cc;RERB;Sevran - Livry;48,93628019;2,534714977
6400;cde3e453-454e-4efa-8d43-936c98de44d9;RERB;Aulnay-sous-Bois;48,93219601;2,495513141
6410;e04688a5-7890-4c87-8f8e-03756c795e71;RERB;Le Blanc-Mesnil;48,93230542;2,475674371
6420;86da2591-82da-4317-84e3-ebcde14cdc72;RERB;Drancy - Avenir;48,93270622;2,454766383
6430;ccda5a87-71cb-45d7-b5eb-3e31c2617fca;RERB;Le Bourget;48,93073957;2,425791427
6440;ce385ea0-5cb5-49e8-8a13-74a52dccabbe;RERB;La Courneuve - Aubervilliers;48,92435388;2,386388291
6450;2b829f31-9d2d-43fc-b611-7f53798f88fd;RERB;La Plaine - Stade de France;48,9181138;2,3626656
6460;0cf2ea39-c9ba-4cd9-8d37-bb8c1f4b689b;RERB;Gare du Nord;48,88076896;2,357115335
6470;b47fc196-8ca8-427b-90e5-e0e57af864b6;RERB;Châtelet - Les Halles;48,86182227;2,347012687
6480;86f4a214-54e6-450e-9173-6dd5451485a8;RERB;Saint-Michel - Notre Dame;48,8533358;2,346034984
6490;ea2164ed-5e68-4282-9e12-1ba10ab63a7b;RERB;Luxembourg;48,84574307;2,339928
6500;5a53a086-9e23-48bf-98ad-8101d73f6ac5;RERB;Port-Royal;48,84003379;2,337096431
6510;79086800-e2c6-4556-8f5d-c8162230c6e6;RERB;Denfert - Rochereau;48,83429298;2,33285231
6520;c057d62b-f6d3-477c-b6ef-915eeb1431c0;RERB;Cité Universitaire;48,82108965;2,338978472
6530;f8096c52-fe64-4030-bd05-afab45c9b487;RERB;Gentilly;48,81522994;2,340891132
6540;e5af214e-22b7-4af9-8733-6e10c8d4143f;RERB;Laplace;48,80829659;2,334354307
6550;36f85d0f-4b55-4878-8029-ded09a1c215d;RERB;Arcueil - Cachan;48,7988925;2,328136923
6560;1cb995f4-61c1-4159-9791-fc4a2b445b68;RERB;Bagneux;48,7933363;2,322201634
6570;5945bf88-8fa6-4d5d-8929-f47942963db4;RERB;Bourg-la-Reine;48,7803138;2,312307717
6580;6905d887-ccde-4f94-85a2-32ad76c292db;RERB;Sceaux;48,78135672;2,297647679
6590;ea0827ae-d410-473e-b987-19bc76301803;RERB;Fontenay-aux-Roses;48,78761468;2,292492981
6600;92b0b5b7-a0b5-475f-8e19-f78ff69dc771;RERB;Robinson;48,7802373;2,281430595
6610;56194819-c2ee-49c0-a85d-f4b1bdb97e1e;RERB;Parc de Sceaux;48,77072199;2,310205452
6620;e7bc76cb-8538-4136-b8a4-4c80d306e4a7;RERB;La Croix de Berny;48,76169369;2,304227346
6630;d2b94347-5083-47b7-a85a-03867a216b70;RERB;Antony;48,75494653;2,300986856
6640;7af32fc7-0a9f-4629-b22d-a18612a71d80;RERB;Fontaine-Michalon;48,7433734;2,296393158
6650;4468e20c-507b-4dc5-98c6-0758743ddadd;RERB;Les Baconnets;48,73968104;2,287667495
6660;b71b718c-ef81-4d71-9a1c-15608fbd143a;RERB;Massy - Verrières;48,73471659;2,273483464
6670;f62eb415-6cb4-41cc-a317-acc9cdcd5277;RERB;Massy - Palaiseau;48,72430942;2,258966434
6680;ef7fe274-96dc-4797-91e8-fd9fb0e04b17;RERB;Palaiseau;48,71694629;2,245672515
6690;29cad501-f1a8-4540-aee6-66f199aeb67b;RERB;Palaiseau - Villebon;48,70814058;2,237314365
6700;44ae71da-6038-4a86-91ce-9b94216cccca;RERB;Lozère;48,70596898;2,212262378
6710;6e16350f-0382-41da-9d32-e1a5c06e3a1b;RERB;Le Guichet;48,70540392;2,192734885
6720;ad09ed89-8f3f-4c77-af1c-ec49a4fe5917;RERB;Orsay - Ville;48,69750567;2,181054438
6730;56d72038-f397-4001-bcd7-12211aec3156;RERB;Bures-sur-Yvette;48,69625275;2,164378243
6740;c82805fb-9db2-4902-bee1-cca618b94c24;RERB;La Hacquinière;48,69526412;2,151642039
6750;60d3bf2d-b254-4138-a8f3-dae770bce36d;RERB;Gif-sur-Yvette;48,69819698;2,136566717
6760;92482257-2cbb-4284-a17a-c10beac69498;RERB;Courcelle-sur-Yvette;48,70121772;2,097975856
6770;edc0cd0c-bcff-445f-a5e7-21c239211837;RERB;Saint-Rémy-les-Chevreuse;48,70275104;2,071242849
