UUID1,UUID2,TYPE
b312bda1-e65c-4592-b58b-033ad4718767,14d98de6-ffc6-43a2-860e-225a5bafb31a,M1
14d98de6-ffc6-43a2-860e-225a5bafb31a,c1f64a40-3640-4a29-a774-9ecf46583272,M1
c1f64a40-3640-4a29-a774-9ecf46583272,f18d9711-8b9b-43a3-8139-e9a815f5fe3c,M1
f18d9711-8b9b-43a3-8139-e9a815f5fe3c,00cb9108-5b85-4c30-b608-bc47a05bc205,M1
00cb9108-5b85-4c30-b608-bc47a05bc205,f2fd6950-afae-4ef0-852e-767d5d8b7e9e,M1
f2fd6950-afae-4ef0-852e-767d5d8b7e9e,755ceb3a-df2f-456f-84e0-8664f6b75170,M1
755ceb3a-df2f-456f-84e0-8664f6b75170,3c9bd481-35e3-4ffc-b973-f6a5c7f7f284,M1
3c9bd481-35e3-4ffc-b973-f6a5c7f7f284,b9d1c704-532d-44b1-934c-99df09c84323,M1
b9d1c704-532d-44b1-934c-99df09c84323,e56520f5-e7d1-4b59-9c07-d38f701839ee,M1
e56520f5-e7d1-4b59-9c07-d38f701839ee,977af1c5-4d39-4406-82a5-c1e811c51410,M1
977af1c5-4d39-4406-82a5-c1e811c51410,fbd3ad64-8537-4e18-afc2-ed5d3d9cb097,M1
fbd3ad64-8537-4e18-afc2-ed5d3d9cb097,c8cca062-47ed-4801-8906-b5849492a297,M1
c8cca062-47ed-4801-8906-b5849492a297,0da91896-c62c-4bd3-b9b3-eb61633b0b82,M1
0da91896-c62c-4bd3-b9b3-eb61633b0b82,241906bd-1a8a-460a-a00a-19ab1e7af0d9,M1
241906bd-1a8a-460a-a00a-19ab1e7af0d9,5732ca8b-23ee-47fb-9718-77d2f6b477c0,M1
5732ca8b-23ee-47fb-9718-77d2f6b477c0,4ea4d00a-b92a-444a-b724-c5acc705003e,M1
4ea4d00a-b92a-444a-b724-c5acc705003e,757a3621-4dda-4117-9888-7a836c6c3dd8,M1
757a3621-4dda-4117-9888-7a836c6c3dd8,6b2c5ee8-d593-40ab-95e6-cd90c1a5f7c8,M1
6b2c5ee8-d593-40ab-95e6-cd90c1a5f7c8,6bfcba0b-189f-414f-bc44-94413a02f3bd,M1
6bfcba0b-189f-414f-bc44-94413a02f3bd,3fe3b2e7-bc78-42b7-aee2-d9e24a170873,M1
3fe3b2e7-bc78-42b7-aee2-d9e24a170873,cc967a54-83e5-40af-9c61-012b9ea9906a,M1
cc967a54-83e5-40af-9c61-012b9ea9906a,e3d0442b-0e5f-4001-afc2-d696f5a402f9,M1
e3d0442b-0e5f-4001-afc2-d696f5a402f9,895a38ab-fed5-4126-8540-b15a5036c9a6,M1
895a38ab-fed5-4126-8540-b15a5036c9a6,d9c3de39-fb67-4a6e-8ec3-b766513b1f0c,M1
cf517a3b-379d-4e6e-a96a-8d0643d5f8d0,48dfa2a0-9de8-43cd-aa71-6356484814a4,M2
48dfa2a0-9de8-43cd-aa71-6356484814a4,3df2697d-2b6f-4981-a584-5dc323bfdb84,M2
3df2697d-2b6f-4981-a584-5dc323bfdb84,ea229cd3-5220-40f9-b1bb-254cc1389174,M2
ea229cd3-5220-40f9-b1bb-254cc1389174,86fe7668-389f-4a80-8e58-25a59ec038f9,M2
86fe7668-389f-4a80-8e58-25a59ec038f9,9769e1a1-be66-4f4c-860e-3d8a816a6855,M2
9769e1a1-be66-4f4c-860e-3d8a816a6855,10b62ae5-35ff-45db-af51-d2671b983651,M2
10b62ae5-35ff-45db-af51-d2671b983651,f5e995d0-a5fc-456e-aa47-56206377bd98,M2
f5e995d0-a5fc-456e-aa47-56206377bd98,a19b50e8-8284-47de-a5d4-303e2f4e1058,M2
a19b50e8-8284-47de-a5d4-303e2f4e1058,65f01e7a-26f3-47c6-9a6b-23709091885c,M2
65f01e7a-26f3-47c6-9a6b-23709091885c,fc51df3e-c34c-4ba4-bb3b-9596338beb13,M2
fc51df3e-c34c-4ba4-bb3b-9596338beb13,a2f93f5e-583f-44b1-ace8-3c71fc827140,M2
a2f93f5e-583f-44b1-ace8-3c71fc827140,83fffe6d-c4b2-4ba4-a631-7078087c95af,M2
83fffe6d-c4b2-4ba4-a631-7078087c95af,a7a96d0e-de76-41c3-bc38-88d12b04ed1d,M2
a7a96d0e-de76-41c3-bc38-88d12b04ed1d,ee8beb96-1812-440f-80b7-d9a7b0094388,M2
ee8beb96-1812-440f-80b7-d9a7b0094388,c7a97b27-235c-4a4a-bfba-f9ca4f4501bc,M2
c7a97b27-235c-4a4a-bfba-f9ca4f4501bc,1806cd1d-602d-4895-ac58-6f74604c73ff,M2
1806cd1d-602d-4895-ac58-6f74604c73ff,eb12bfff-2545-4cc0-bd66-abcb3bdee780,M2
eb12bfff-2545-4cc0-bd66-abcb3bdee780,f988baae-2b18-4331-bbc7-1f3204b166df,M2
f988baae-2b18-4331-bbc7-1f3204b166df,8ba4c93d-e391-4cbf-8025-e7331e4231c6,M2
8ba4c93d-e391-4cbf-8025-e7331e4231c6,f4d561ba-e7f2-42b2-b8f6-d82da069ea9c,M2
f4d561ba-e7f2-42b2-b8f6-d82da069ea9c,c1d5956c-b697-4a2c-973b-eb3c1c83c256,M2
c1d5956c-b697-4a2c-973b-eb3c1c83c256,19422ca3-5505-40a0-b879-c8be1ac3228d,M2
19422ca3-5505-40a0-b879-c8be1ac3228d,ba1c12c8-b769-4226-9caf-375e0d03ac52,M2
ba1c12c8-b769-4226-9caf-375e0d03ac52,a1acd0b7-df11-4b1f-b234-f22cc3494994,M2
1c3dc4ab-5954-491b-9800-fb2426118ddf,299b6e60-3fb4-4ad0-904e-5b1e9abe8bb5,M3
299b6e60-3fb4-4ad0-904e-5b1e9abe8bb5,279eed37-af68-4aa9-ac9a-9aba0512bbfc,M3
279eed37-af68-4aa9-ac9a-9aba0512bbfc,9d5578b3-14cb-4752-b3c0-7a49054c6e3e,M3
9d5578b3-14cb-4752-b3c0-7a49054c6e3e,d0bd14be-edba-4239-b164-fda2f7fcf3cc,M3
d0bd14be-edba-4239-b164-fda2f7fcf3cc,9a0f60d6-785f-4467-ada5-503f1ddb96c4,M3
9a0f60d6-785f-4467-ada5-503f1ddb96c4,c1cfecdd-ed53-468e-8a46-d6c5082960b0,M3
c1cfecdd-ed53-468e-8a46-d6c5082960b0,fc75c25e-4614-4ec0-8528-b882d76982c5,M3
fc75c25e-4614-4ec0-8528-b882d76982c5,59d6ed5c-e1a5-40a4-9cd2-64fede7c47ee,M3
59d6ed5c-e1a5-40a4-9cd2-64fede7c47ee,425b6d44-f26d-4521-b737-a8b577bc437d,M3
425b6d44-f26d-4521-b737-a8b577bc437d,5560ad51-630a-4c94-9a96-fe45637e19d0,M3
5560ad51-630a-4c94-9a96-fe45637e19d0,7497e934-33d8-4143-ac73-b75e9841cc85,M3
7497e934-33d8-4143-ac73-b75e9841cc85,f438d7fc-4016-464b-8f26-d1e5bcb99a72,M3
f438d7fc-4016-464b-8f26-d1e5bcb99a72,7990755b-f930-4d27-a20f-2b1a597efd68,M3
7990755b-f930-4d27-a20f-2b1a597efd68,bd9c7ac1-a57f-4d37-97a8-74ce3b8e9724,M3
bd9c7ac1-a57f-4d37-97a8-74ce3b8e9724,9abe35dc-425d-43e3-9733-96c8861f77f3,M3
9abe35dc-425d-43e3-9733-96c8861f77f3,5320b8bf-cb2c-49cc-bfca-d8934dbf07a2,M3
5320b8bf-cb2c-49cc-bfca-d8934dbf07a2,c9be487d-dbc2-4aed-9dbf-4d47d6d61a84,M3
c9be487d-dbc2-4aed-9dbf-4d47d6d61a84,b02dedb1-5c12-4990-85a3-51b96860363d,M3
b02dedb1-5c12-4990-85a3-51b96860363d,df3e3243-f9d4-4c3a-90df-429ed8bdb265,M3
df3e3243-f9d4-4c3a-90df-429ed8bdb265,7c5b978b-835f-481e-a408-1818c85fae36,M3
7c5b978b-835f-481e-a408-1818c85fae36,85a18989-c8c3-4b4e-9f8a-cccc95167713,M3
85a18989-c8c3-4b4e-9f8a-cccc95167713,b5b5dab5-ed60-4782-9efd-736be530c098,M3
b5b5dab5-ed60-4782-9efd-736be530c098,e239d124-0875-4832-a242-a5584a957bd2,M3
e239d124-0875-4832-a242-a5584a957bd2,c678762b-4217-426b-95ba-2e201a5d27b2,M3
ed9de319-e425-4801-b53a-8e42740e5f4b,2cf3a892-f374-42e3-b3f0-b7f8de2e4eff,M3BIS
2cf3a892-f374-42e3-b3f0-b7f8de2e4eff,07d0c083-a9e7-4f39-8526-50274cac3eb4,M3BIS
07d0c083-a9e7-4f39-8526-50274cac3eb4,6af0419d-a071-45c7-931b-59155b7015e3,M3BIS
f45eccca-20a6-4114-859f-93224afd9f73,d8787d52-05f8-4770-abfc-cb1b3839e5e6,M4
d8787d52-05f8-4770-abfc-cb1b3839e5e6,d1d23771-c86a-4e7b-9dbd-a035b2afa48a,M4
d1d23771-c86a-4e7b-9dbd-a035b2afa48a,e6aee936-3acc-471d-b108-eb8cc91bf364,M4
e6aee936-3acc-471d-b108-eb8cc91bf364,57462cbc-7eca-4406-a66c-52107e06f2e2,M4
57462cbc-7eca-4406-a66c-52107e06f2e2,26320586-e7af-4abf-bd3a-bd8383359193,M4
26320586-e7af-4abf-bd3a-bd8383359193,154524ba-089d-4474-b1cf-9533abbd28b0,M4
154524ba-089d-4474-b1cf-9533abbd28b0,74958610-ad70-46b3-80e0-64a0a06164d7,M4
74958610-ad70-46b3-80e0-64a0a06164d7,b72964b7-7ffb-4ca7-8729-baebb0b40c41,M4
b72964b7-7ffb-4ca7-8729-baebb0b40c41,a2da50b7-0e06-48a7-9902-de0d454aa4f7,M4
a2da50b7-0e06-48a7-9902-de0d454aa4f7,911b28ae-f78d-4cda-81ba-c97eb31dd9ba,M4
911b28ae-f78d-4cda-81ba-c97eb31dd9ba,48c85a26-a721-453a-aacc-e1258603bfa6,M4
48c85a26-a721-453a-aacc-e1258603bfa6,c9afc5c0-8386-4ac7-ba16-b78795f4bc30,M4
c9afc5c0-8386-4ac7-ba16-b78795f4bc30,a8285f92-4343-42ec-b41d-5a8e88b53687,M4
a8285f92-4343-42ec-b41d-5a8e88b53687,12706f88-0949-4d87-865e-dc27efd3cda2,M4
12706f88-0949-4d87-865e-dc27efd3cda2,6f0be043-8753-47a5-af4e-873682e9e557,M4
6f0be043-8753-47a5-af4e-873682e9e557,c5c61f9a-c2d7-41d3-9f01-5fde78f60865,M4
c5c61f9a-c2d7-41d3-9f01-5fde78f60865,67e54c11-3701-49de-9b5a-d18be9e90e20,M4
67e54c11-3701-49de-9b5a-d18be9e90e20,d402283d-be4a-4e2d-b2e0-aeaf1abbe134,M4
d402283d-be4a-4e2d-b2e0-aeaf1abbe134,73c193b7-7eb9-41c3-b5e8-74f92bc20b8c,M4
73c193b7-7eb9-41c3-b5e8-74f92bc20b8c,a4a70632-c11f-4002-a2d9-e39c82060717,M4
a4a70632-c11f-4002-a2d9-e39c82060717,ba33f3f8-5a6f-4b43-bec5-80ebc9b8a9e6,M4
ba33f3f8-5a6f-4b43-bec5-80ebc9b8a9e6,eb1fb494-48a4-4252-baab-0a5ebc29b41a,M4
eb1fb494-48a4-4252-baab-0a5ebc29b41a,4996164a-af29-49b5-9701-f6f496d538af,M4
4996164a-af29-49b5-9701-f6f496d538af,1d708958-e2e5-4738-a9dd-6a02a5b6de4a,M4
1d708958-e2e5-4738-a9dd-6a02a5b6de4a,61c65477-c6d8-4918-9f11-286bf3638bd1,M4
61c65477-c6d8-4918-9f11-286bf3638bd1,6d195900-116c-4b85-bcb0-6d6f9bb695bd,M4
a172deef-108f-4889-b274-336bc256ac2f,cd313e09-ce5d-409c-8ea8-55cac0dcd5bc,M5
cd313e09-ce5d-409c-8ea8-55cac0dcd5bc,72b9bbe5-8fd5-4b24-92ee-d5f0ddada128,M5
72b9bbe5-8fd5-4b24-92ee-d5f0ddada128,b1aed7a7-f269-484a-90f5-961cb3c541bb,M5
b1aed7a7-f269-484a-90f5-961cb3c541bb,1bf4d462-672a-4ac5-a6ad-6bada09d7286,M5
1bf4d462-672a-4ac5-a6ad-6bada09d7286,80951edc-35d3-4481-b648-3b9853d91067,M5
80951edc-35d3-4481-b648-3b9853d91067,5ad86ac4-6613-470f-ae8e-51f8397749c8,M5
5ad86ac4-6613-470f-ae8e-51f8397749c8,d42d11c4-1641-4bb3-88ff-c40ad18b9089,M5
d42d11c4-1641-4bb3-88ff-c40ad18b9089,fac704ce-20a3-441a-ad2e-43b9b5c78b0c,M5
fac704ce-20a3-441a-ad2e-43b9b5c78b0c,ba871a49-ba2a-4ef0-bcba-86559c28d894,M5
ba871a49-ba2a-4ef0-bcba-86559c28d894,979f7753-6044-4475-826d-9873b9020a51,M5
979f7753-6044-4475-826d-9873b9020a51,58d37da8-8d48-47cc-961e-0f83ab17777b,M5
58d37da8-8d48-47cc-961e-0f83ab17777b,01aec5d9-209a-454e-8f37-b877f74ffe8a,M5
01aec5d9-209a-454e-8f37-b877f74ffe8a,93a26e42-56a8-4918-8c8f-70e7982935be,M5
93a26e42-56a8-4918-8c8f-70e7982935be,17714f09-edaa-4832-9c2b-25ed3e68ef9b,M5
17714f09-edaa-4832-9c2b-25ed3e68ef9b,edd840a6-24cb-4415-9324-8e450ffaa381,M5
edd840a6-24cb-4415-9324-8e450ffaa381,65c83b49-26fb-4371-ae38-8215908be7ff,M5
65c83b49-26fb-4371-ae38-8215908be7ff,8d8db83e-f6b0-4fa5-90cb-1c202c6d973b,M5
8d8db83e-f6b0-4fa5-90cb-1c202c6d973b,7e001018-784d-4f3b-ac17-a1c54b1d00b5,M5
7e001018-784d-4f3b-ac17-a1c54b1d00b5,56a7621a-e8bb-4851-85cf-d786709ab583,M5
56a7621a-e8bb-4851-85cf-d786709ab583,9882a61c-1ee8-44aa-a880-89660363666d,M5
9882a61c-1ee8-44aa-a880-89660363666d,4ab9c0b8-bda1-434e-96fa-9897fd05fc11,M5
1f2da068-67ea-4aa0-bcae-9c95dcc28948,c437e277-9249-4a57-9f53-b499650885ba,M6
c437e277-9249-4a57-9f53-b499650885ba,d7123303-29d4-407d-b36b-c117bf8b2324,M6
d7123303-29d4-407d-b36b-c117bf8b2324,031acf11-25b2-4a06-98b4-5cfe7347daf1,M6
031acf11-25b2-4a06-98b4-5cfe7347daf1,93e53aee-eb29-4366-98b1-0dd1447daec5,M6
93e53aee-eb29-4366-98b1-0dd1447daec5,76e2aa2c-b01f-4e0f-86c3-d08605088205,M6
76e2aa2c-b01f-4e0f-86c3-d08605088205,f13c272f-3d8a-4a7b-842f-0d7415410f97,M6
f13c272f-3d8a-4a7b-842f-0d7415410f97,43cb2e8d-a03c-4539-975d-48113a7dc1fb,M6
43cb2e8d-a03c-4539-975d-48113a7dc1fb,e359031e-93f3-4121-901c-1efcf919db2f,M6
e359031e-93f3-4121-901c-1efcf919db2f,d1c36fe0-7027-46af-8680-d877c6426ee2,M6
d1c36fe0-7027-46af-8680-d877c6426ee2,eaadd210-e039-48df-86fa-9f8d61a603d9,M6
eaadd210-e039-48df-86fa-9f8d61a603d9,f4c3281c-5625-4317-8fac-0a7d2b566fc2,M6
f4c3281c-5625-4317-8fac-0a7d2b566fc2,ba55b1b7-623b-432d-a474-40f5a6fc0fad,M6
ba55b1b7-623b-432d-a474-40f5a6fc0fad,da728721-895f-43c5-a9e5-91cac3090415,M6
da728721-895f-43c5-a9e5-91cac3090415,3def76a3-c0d3-4d2b-999f-c28d4adb2e8f,M6
3def76a3-c0d3-4d2b-999f-c28d4adb2e8f,ed544ed8-535a-4ce1-9430-9546d68747df,M6
ed544ed8-535a-4ce1-9430-9546d68747df,f7564950-e922-406b-bc65-e5f80bad1576,M6
f7564950-e922-406b-bc65-e5f80bad1576,c3ff3def-9e04-4b96-897b-b31320fa9560,M6
c3ff3def-9e04-4b96-897b-b31320fa9560,60b3084a-256d-4462-965b-d4300723a1e5,M6
60b3084a-256d-4462-965b-d4300723a1e5,7aa3d05a-7558-4796-903e-5309201bd540,M6
7aa3d05a-7558-4796-903e-5309201bd540,f7be018c-07c3-4d8f-b500-aee8a6758038,M6
f7be018c-07c3-4d8f-b500-aee8a6758038,30e17dd1-b336-4edc-be27-2792b8d2710d,M6
30e17dd1-b336-4edc-be27-2792b8d2710d,cc8704fb-c908-463c-8159-6e2379666108,M6
cc8704fb-c908-463c-8159-6e2379666108,758e7841-1a49-4e10-9c11-4cb6789edacd,M6
758e7841-1a49-4e10-9c11-4cb6789edacd,33efcd47-ecc6-4752-9e72-cefb278dc89e,M6
33efcd47-ecc6-4752-9e72-cefb278dc89e,27214370-e4c5-46ac-bb59-9d8da592c88f,M6
27214370-e4c5-46ac-bb59-9d8da592c88f,4acb6b43-e63b-41da-bc4c-7a8609cf16e5,M6
4acb6b43-e63b-41da-bc4c-7a8609cf16e5,ae68412a-5504-4d74-8d80-1e7e95a44d9f,M6
b7466cd2-1062-4ef1-a8bc-c01b8a106d1f,f011b367-77b7-4c03-b63a-c8ae5c6fafa3,M7
f011b367-77b7-4c03-b63a-c8ae5c6fafa3,cf95fa18-973e-40c0-a616-c9d59558b22f,M7
cf95fa18-973e-40c0-a616-c9d59558b22f,60e334fd-e399-48b3-a2da-d95306aa6bde,M7
60e334fd-e399-48b3-a2da-d95306aa6bde,2ef6381b-4da7-499d-a30d-593505692b2f,M7
2ef6381b-4da7-499d-a30d-593505692b2f,36dfacce-996a-41cf-86fa-11783b821d05,M7
36dfacce-996a-41cf-86fa-11783b821d05,7a1abb55-0e84-4bfc-b250-5825eb671c8c,M7
7a1abb55-0e84-4bfc-b250-5825eb671c8c,eed6aec9-53ed-42e5-bb4c-b695b4571f82,M7
eed6aec9-53ed-42e5-bb4c-b695b4571f82,5e36d407-7375-4399-8286-2438214f9725,M7
5e36d407-7375-4399-8286-2438214f9725,972d75b1-8a40-4ef5-ba37-a4e83162d02a,M7
972d75b1-8a40-4ef5-ba37-a4e83162d02a,c5202f62-6a57-44bb-b057-422e3454ee38,M7
c5202f62-6a57-44bb-b057-422e3454ee38,d8850a9e-5419-4051-8b8a-c515a3b9c3a2,M7
d8850a9e-5419-4051-8b8a-c515a3b9c3a2,1fda4799-6798-4c5c-9594-04c34b8024da,M7
1fda4799-6798-4c5c-9594-04c34b8024da,328c2fa9-8a9f-4b0b-a4d4-9cfc2b3787f2,M7
328c2fa9-8a9f-4b0b-a4d4-9cfc2b3787f2,817870c1-d954-41de-926c-72dd4c8e4eeb,M7
817870c1-d954-41de-926c-72dd4c8e4eeb,4e145214-f40c-4cf3-b4aa-76e0c987ff49,M7
4e145214-f40c-4cf3-b4aa-76e0c987ff49,d9826fce-40f6-4c37-98a9-f09e3de33bd2,M7
d9826fce-40f6-4c37-98a9-f09e3de33bd2,0f5796bf-b157-4c46-9427-f9071fc75312,M7
0f5796bf-b157-4c46-9427-f9071fc75312,27e3286a-d4bb-418f-a973-c2f843201e4a,M7
27e3286a-d4bb-418f-a973-c2f843201e4a,9046fec1-7211-4c22-bdc3-f28e5aff4f2a,M7
9046fec1-7211-4c22-bdc3-f28e5aff4f2a,96ccc5b7-dfca-4b67-8912-e9f144e4f0b8,M7
96ccc5b7-dfca-4b67-8912-e9f144e4f0b8,cc60fc70-a0e1-44ca-b0d2-7c5aaf2bb761,M7
cc60fc70-a0e1-44ca-b0d2-7c5aaf2bb761,7069efeb-bc47-4edf-bda1-82d5f4787e58,M7
7069efeb-bc47-4edf-bda1-82d5f4787e58,79b04856-e340-4c50-8358-fb946ec65095,M7
79b04856-e340-4c50-8358-fb946ec65095,6d6b6937-0ecd-4e41-916d-3b756bd7a041,M7
6d6b6937-0ecd-4e41-916d-3b756bd7a041,8340f9f1-977c-4eb8-bd20-24ad28847bc7,M7
8340f9f1-977c-4eb8-bd20-24ad28847bc7,9cc8c832-0b9a-4960-8b00-bf69bd1424ab,M7
9cc8c832-0b9a-4960-8b00-bf69bd1424ab,89955209-9e05-4936-b935-ce002b119ffd,M7
89955209-9e05-4936-b935-ce002b119ffd,0b14e413-a0b1-45fb-8170-a7d50d4b6461,M7
0b14e413-a0b1-45fb-8170-a7d50d4b6461,07372633-832e-4c75-902b-975bae2c2dd2,M7
0b14e413-a0b1-45fb-8170-a7d50d4b6461,a7378aa1-6fea-4a6d-bfb6-75e379e66bf2,M7
07372633-832e-4c75-902b-975bae2c2dd2,31d6de51-e073-48f9-a9c5-59ad322019ff,M7
31d6de51-e073-48f9-a9c5-59ad322019ff,b010b770-f802-4990-98c1-884401bee0e8,M7
b010b770-f802-4990-98c1-884401bee0e8,6ace4581-1c73-425d-81ce-b2dceae26a91,M7
6ace4581-1c73-425d-81ce-b2dceae26a91,6b79ba58-9fc2-462c-9bec-dd6a77fbd72a,M7
a7378aa1-6fea-4a6d-bfb6-75e379e66bf2,5749252d-700f-4976-bf15-754b7909451c,M7
5749252d-700f-4976-bf15-754b7909451c,1532119f-7f5e-423c-a2f7-db0e6b4e8e4c,M7
1532119f-7f5e-423c-a2f7-db0e6b4e8e4c,c70516f4-ea24-4cd6-8270-293358f1350b,M7
e7bab5a6-d571-4233-8abb-568b0a0df76b,132489eb-4061-402f-9ba5-50755201633c,M7BIS
132489eb-4061-402f-9ba5-50755201633c,f2854df6-abe0-49f1-bccf-43596611bae5,M7BIS
f2854df6-abe0-49f1-bccf-43596611bae5,bd60d06b-6e24-4bc6-a61d-7cb42140cfb9,M7BIS
bd60d06b-6e24-4bc6-a61d-7cb42140cfb9,4bbb64d2-55cb-4576-b70c-3777b789dd03,M7BIS
4bbb64d2-55cb-4576-b70c-3777b789dd03,5cbb007d-8b80-4788-999d-d285d54ba325,M7BIS
4bbb64d2-55cb-4576-b70c-3777b789dd03,b0159fb7-cc52-43e7-92e9-c4b3d21f2b92,M7BIS
5cbb007d-8b80-4788-999d-d285d54ba325,98f2d262-eeea-4515-808a-db431fa208bc,M7BIS
b0159fb7-cc52-43e7-92e9-c4b3d21f2b92,98f2d262-eeea-4515-808a-db431fa208bc,M7BIS
0a5ea39e-e669-4770-be27-651690edd9d9,f5335d21-d7ad-4ab9-bc63-86d5cbb0e474,M8
f5335d21-d7ad-4ab9-bc63-86d5cbb0e474,98eb1899-bebf-4241-800b-2d3574733c8a,M8
98eb1899-bebf-4241-800b-2d3574733c8a,7b4d56f3-471d-40c9-bed7-52f6eba01b6c,M8
7b4d56f3-471d-40c9-bed7-52f6eba01b6c,ce409036-a084-4365-8f0a-b0cb0520d077,M8
ce409036-a084-4365-8f0a-b0cb0520d077,418bdc65-4b7d-443f-a024-1200bc1b5557,M8
418bdc65-4b7d-443f-a024-1200bc1b5557,605879b3-3e75-486a-8d99-7e6a6614809b,M8
605879b3-3e75-486a-8d99-7e6a6614809b,d2b3b690-3816-4b8c-aa62-24917648d62d,M8
d2b3b690-3816-4b8c-aa62-24917648d62d,d522db49-61de-402c-a168-0f16bfcf8e8f,M8
d522db49-61de-402c-a168-0f16bfcf8e8f,39cd89b6-2ed3-4ef5-ac7c-e5903f131c96,M8
39cd89b6-2ed3-4ef5-ac7c-e5903f131c96,ea285362-8547-46d3-9477-931b470d0f79,M8
ea285362-8547-46d3-9477-931b470d0f79,6f37ba26-77e1-4105-8840-a3ca42c98c1e,M8
6f37ba26-77e1-4105-8840-a3ca42c98c1e,9935d16b-398e-4b71-81eb-c2fadd07a4ab,M8
9935d16b-398e-4b71-81eb-c2fadd07a4ab,d87b4a39-5067-4466-8765-23a177d692e5,M8
d87b4a39-5067-4466-8765-23a177d692e5,bea4f9bd-c26b-47cf-b37d-b373220a32a4,M8
bea4f9bd-c26b-47cf-b37d-b373220a32a4,6014b488-6855-4d24-9291-e4a40fe4cde0,M8
6014b488-6855-4d24-9291-e4a40fe4cde0,b15b689a-f391-4a2c-8727-0073778518ed,M8
b15b689a-f391-4a2c-8727-0073778518ed,7006e1f8-4bc7-4f7c-9b72-1be9c3ebc47e,M8
7006e1f8-4bc7-4f7c-9b72-1be9c3ebc47e,c3c94791-c81d-4bd0-aed8-dd858c1947ca,M8
c3c94791-c81d-4bd0-aed8-dd858c1947ca,0501d5fd-3876-4734-811c-81cfecf5be13,M8
0501d5fd-3876-4734-811c-81cfecf5be13,453339c2-ccb9-482b-92aa-03e6b29e613d,M8
453339c2-ccb9-482b-92aa-03e6b29e613d,72d5c10b-eef1-4d6b-8764-568a4dfe57fe,M8
72d5c10b-eef1-4d6b-8764-568a4dfe57fe,169febff-1b63-44eb-978f-400f67d02125,M8
169febff-1b63-44eb-978f-400f67d02125,7645c3cc-86f7-4312-ba31-a2ebe9038ee3,M8
7645c3cc-86f7-4312-ba31-a2ebe9038ee3,92f7d062-8188-48c2-a14b-e3472522efc1,M8
92f7d062-8188-48c2-a14b-e3472522efc1,e35c326a-0b77-4b12-9da6-79789ce2a5c4,M8
e35c326a-0b77-4b12-9da6-79789ce2a5c4,08910f40-ddb5-40a7-884c-a2c9c7070054,M8
08910f40-ddb5-40a7-884c-a2c9c7070054,a036f675-ab4d-4096-bfa2-de5c78d9e4f7,M8
a036f675-ab4d-4096-bfa2-de5c78d9e4f7,a809871f-e266-43c2-baf3-133b134805f3,M8
a809871f-e266-43c2-baf3-133b134805f3,76ce7521-778e-4a8c-b8ac-38c7d2bef55d,M8
76ce7521-778e-4a8c-b8ac-38c7d2bef55d,b20e640f-c2e3-4ed8-9a06-6aef2dfca451,M8
b20e640f-c2e3-4ed8-9a06-6aef2dfca451,594e152f-840b-454b-a5de-ebc570d55d06,M8
594e152f-840b-454b-a5de-ebc570d55d06,a167312b-b88b-47a3-8f6f-925b3a70d6a7,M8
a167312b-b88b-47a3-8f6f-925b3a70d6a7,19584eb2-62ad-4fe3-bac1-22af2eb5a679,M8
19584eb2-62ad-4fe3-bac1-22af2eb5a679,fed166b5-d6b1-44bd-9e24-1d23da0e12a5,M8
fed166b5-d6b1-44bd-9e24-1d23da0e12a5,4d5c04fa-e4c0-4163-b408-8c4230a32d5a,M8
4d5c04fa-e4c0-4163-b408-8c4230a32d5a,8ce7ebbc-6abe-4f49-a278-702a0443370c,M8
8ce7ebbc-6abe-4f49-a278-702a0443370c,a3093a0a-b2c1-4bbf-9aed-295215cbf8f2,M8
97b91d0e-3882-41d3-bdbb-ce8cb50144f0,13c41adc-2502-4b2f-b7bd-d76360664528,M9
13c41adc-2502-4b2f-b7bd-d76360664528,1feb8620-6d9d-4cc2-bef7-79a24eff8bfc,M9
1feb8620-6d9d-4cc2-bef7-79a24eff8bfc,a19bb1ed-5164-4a3e-82e2-8736b844d6b6,M9
a19bb1ed-5164-4a3e-82e2-8736b844d6b6,94d12ccc-31a5-4da4-9ed4-44da0588947a,M9
94d12ccc-31a5-4da4-9ed4-44da0588947a,f3aab47b-024e-4644-b9dd-058a089c2a76,M9
f3aab47b-024e-4644-b9dd-058a089c2a76,a95f7f34-baa5-49a5-96e4-7dd6b16aaa8b,M9
a95f7f34-baa5-49a5-96e4-7dd6b16aaa8b,3239b99f-00a4-4ecb-8722-702ad5470a2f,M9
3239b99f-00a4-4ecb-8722-702ad5470a2f,cd9992f4-dfd1-46f3-aaad-28c9c54f0ed3,M9
cd9992f4-dfd1-46f3-aaad-28c9c54f0ed3,62182295-a2c2-4829-bd4b-ad7d28fa8398,M9
62182295-a2c2-4829-bd4b-ad7d28fa8398,7a08b690-4780-4b6d-b7ef-6f44ee94ed9a,M9
7a08b690-4780-4b6d-b7ef-6f44ee94ed9a,00419aee-1c76-4f1e-bda0-e0e3eac65898,M9
00419aee-1c76-4f1e-bda0-e0e3eac65898,ae753c7a-8e67-409a-97fc-0a2ab4a66b63,M9
ae753c7a-8e67-409a-97fc-0a2ab4a66b63,ef8e5821-f769-443a-a146-345e709cf109,M9
ef8e5821-f769-443a-a146-345e709cf109,833f96c2-0da1-47b2-a6f6-9c1e50dcc47d,M9
833f96c2-0da1-47b2-a6f6-9c1e50dcc47d,e841c0c0-7b2a-4da9-9779-06f0c99a7b07,M9
e841c0c0-7b2a-4da9-9779-06f0c99a7b07,47bf9b32-5909-4fd3-9608-5ee76110a305,M9
47bf9b32-5909-4fd3-9608-5ee76110a305,9acb92c2-faac-4d7d-a10d-2c54b3cf3cc9,M9
9acb92c2-faac-4d7d-a10d-2c54b3cf3cc9,63537095-223a-42b6-8a26-1e2ad70aa283,M9
63537095-223a-42b6-8a26-1e2ad70aa283,ec6e5c91-fccf-4c94-a5fc-5f5f25d8594d,M9
ec6e5c91-fccf-4c94-a5fc-5f5f25d8594d,80c2301d-e86a-4d08-8a3e-a74718dd76bb,M9
80c2301d-e86a-4d08-8a3e-a74718dd76bb,98957eff-0f88-46ef-b5a9-da35963b9b82,M9
98957eff-0f88-46ef-b5a9-da35963b9b82,65ebc1f8-2355-4dbd-997d-5c060dcb3773,M9
65ebc1f8-2355-4dbd-997d-5c060dcb3773,e7e5d05f-8f22-433a-8219-791a337d4bef,M9
e7e5d05f-8f22-433a-8219-791a337d4bef,1616e4eb-50f4-4073-b7c4-ddf714264278,M9
1616e4eb-50f4-4073-b7c4-ddf714264278,62e62d2c-89c1-4d2a-b35f-da04b9e79a2c,M9
62e62d2c-89c1-4d2a-b35f-da04b9e79a2c,fdb60f78-1eac-43e7-a8b0-5cd6845e3843,M9
fdb60f78-1eac-43e7-a8b0-5cd6845e3843,a1e61df2-3e6e-4ad7-b4e2-583a7c0e77f6,M9
a1e61df2-3e6e-4ad7-b4e2-583a7c0e77f6,44ab4ba5-6853-430e-8431-e13df403753a,M9
44ab4ba5-6853-430e-8431-e13df403753a,0848372f-263b-4116-9575-b66a8eeb6ec3,M9
0848372f-263b-4116-9575-b66a8eeb6ec3,68cf43b0-06f8-4a86-a6fd-2bdaffc8f49f,M9
68cf43b0-06f8-4a86-a6fd-2bdaffc8f49f,6df8b304-fd48-45d0-9b4f-1ea7f1987c3c,M9
6df8b304-fd48-45d0-9b4f-1ea7f1987c3c,b89c5ac6-45be-483f-99be-bfb9fa5f5bce,M9
b89c5ac6-45be-483f-99be-bfb9fa5f5bce,b19203ad-f4b6-42fd-84fb-f26468121b72,M9
b19203ad-f4b6-42fd-84fb-f26468121b72,c5cb5cd6-902b-4a9d-a059-18d679aa9f7f,M9
c5cb5cd6-902b-4a9d-a059-18d679aa9f7f,28fe3626-46ca-4281-a3f9-d72de91f8be6,M9
28fe3626-46ca-4281-a3f9-d72de91f8be6,b91afbc5-7932-45ce-8662-1a47faaacbab,M9
63544981-bb7c-4209-bea7-102072fedbc2,50e043bb-43cd-41a3-927c-2fb4b82bf83d,M10
50e043bb-43cd-41a3-927c-2fb4b82bf83d,aed0b90e-658e-4f41-8daf-163dd961de57,M10
50e043bb-43cd-41a3-927c-2fb4b82bf83d,3ab35ee9-604d-4eac-a941-29c2c867f53d,M10
aed0b90e-658e-4f41-8daf-163dd961de57,b88c58c3-b9ad-4f01-a810-403dfdcff170,M10
b88c58c3-b9ad-4f01-a810-403dfdcff170,50d08b2a-2260-4b57-9999-de955b44c36c,M10
50d08b2a-2260-4b57-9999-de955b44c36c,9100a9b6-a5d0-4b72-a1de-76015ffd541e,M10
3ab35ee9-604d-4eac-a941-29c2c867f53d,6366dff0-b4a0-4ba3-8124-6f38ec415484,M10
6366dff0-b4a0-4ba3-8124-6f38ec415484,7d3a8da5-cd04-43b4-9031-f96af785a084,M10
7d3a8da5-cd04-43b4-9031-f96af785a084,9100a9b6-a5d0-4b72-a1de-76015ffd541e,M10
9100a9b6-a5d0-4b72-a1de-76015ffd541e,31491e7d-de5f-486d-8cb2-538c20c78908,M10
31491e7d-de5f-486d-8cb2-538c20c78908,b6a9f9f6-aae2-4aa6-90b2-d1480f268655,M10
b6a9f9f6-aae2-4aa6-90b2-d1480f268655,738f1322-411b-4cf5-a367-1ba41f472b1f,M10
738f1322-411b-4cf5-a367-1ba41f472b1f,40f7c26a-32f5-4347-b52f-e2590c5309c0,M10
40f7c26a-32f5-4347-b52f-e2590c5309c0,e7a1d7d5-cc67-4779-8966-6459923b20ab,M10
e7a1d7d5-cc67-4779-8966-6459923b20ab,dd85eee2-fac8-4e34-b28b-675745f03dcf,M10
dd85eee2-fac8-4e34-b28b-675745f03dcf,7dd56423-1d0e-48be-a157-d20a8a363f73,M10
7dd56423-1d0e-48be-a157-d20a8a363f73,00c3130b-1af0-4ee8-a111-913dba77c1a0,M10
00c3130b-1af0-4ee8-a111-913dba77c1a0,02040ce7-ca49-4639-8f91-54f65df79ee7,M10
02040ce7-ca49-4639-8f91-54f65df79ee7,0ac00d16-b248-455d-b8b7-ca38205c13c8,M10
0ac00d16-b248-455d-b8b7-ca38205c13c8,210f6272-d028-4394-9f3b-151ceca81043,M10
210f6272-d028-4394-9f3b-151ceca81043,496acafa-f128-499e-9df6-de4721da1c2b,M10
496acafa-f128-499e-9df6-de4721da1c2b,3b879b61-66f0-458a-b736-cd6fe06b58a5,M10
3b879b61-66f0-458a-b736-cd6fe06b58a5,6429e188-69bb-4dc7-8b46-c704e72841b1,M10
dbdbbb8b-724e-4cb7-af3f-a8d4094d0b87,51b86454-e062-49fc-b7f8-784b20e66b71,M11
51b86454-e062-49fc-b7f8-784b20e66b71,f75c89cf-60d4-49d0-9c7f-746a897b8ff1,M11
f75c89cf-60d4-49d0-9c7f-746a897b8ff1,67a9e5c5-145f-4912-9520-ba5b689b7785,M11
67a9e5c5-145f-4912-9520-ba5b689b7785,f1ad70bd-5d00-43df-8f2f-d403a99954e8,M11
f1ad70bd-5d00-43df-8f2f-d403a99954e8,4210c802-0926-44df-a4a3-150a0081b1aa,M11
4210c802-0926-44df-a4a3-150a0081b1aa,0781e432-ee8b-4a7d-805d-6402004e8a85,M11
0781e432-ee8b-4a7d-805d-6402004e8a85,ae3b3a1f-8fc7-490e-b87e-04e0ee595633,M11
ae3b3a1f-8fc7-490e-b87e-04e0ee595633,d86f7504-b630-4e13-91bc-a4396bb40a01,M11
d86f7504-b630-4e13-91bc-a4396bb40a01,f327c7c3-fd0f-498d-9955-fc5767c24166,M11
f327c7c3-fd0f-498d-9955-fc5767c24166,67d64876-9e73-4261-a091-9498c168fa6b,M11
67d64876-9e73-4261-a091-9498c168fa6b,2f7ffcbd-6ec8-47c7-951c-6e03298a828c,M11
2f7ffcbd-6ec8-47c7-951c-6e03298a828c,f919412c-bc73-4a31-af28-dcf96fdf5de3,M11
23d4d43e-f60c-4a5c-9adb-45b88cba4c61,29203577-26e0-4c0f-8968-e590c17c8c56,M12
29203577-26e0-4c0f-8968-e590c17c8c56,a9f5921b-636b-4aae-a36e-aaee08d66ae6,M12
a9f5921b-636b-4aae-a36e-aaee08d66ae6,e8a7c66f-1db1-41fc-97a0-519752af401e,M12
e8a7c66f-1db1-41fc-97a0-519752af401e,f37a9c7c-c379-4820-97ef-c39c0d28d64c,M12
f37a9c7c-c379-4820-97ef-c39c0d28d64c,b6292394-33ed-4d42-99af-fc759816f47c,M12
b6292394-33ed-4d42-99af-fc759816f47c,7f8d6d80-c775-4d3e-8b40-968297a53ed8,M12
7f8d6d80-c775-4d3e-8b40-968297a53ed8,8290b734-bb90-4c7a-9c3a-9926a5e25ff3,M12
8290b734-bb90-4c7a-9c3a-9926a5e25ff3,6b0bd413-e2b1-444b-b1c9-419640459c9b,M12
6b0bd413-e2b1-444b-b1c9-419640459c9b,b4178126-b9be-48a5-9da9-4995be3d924e,M12
b4178126-b9be-48a5-9da9-4995be3d924e,8a09c6fb-8dfd-4029-9c54-3dbd1de1dbe3,M12
8a09c6fb-8dfd-4029-9c54-3dbd1de1dbe3,c74b2c33-d410-4540-aa4b-6dca528df34b,M12
c74b2c33-d410-4540-aa4b-6dca528df34b,ad8f3b37-7952-4a80-8c25-4f4a98604018,M12
ad8f3b37-7952-4a80-8c25-4f4a98604018,52b3674d-e0dd-4997-ac4d-149e2874e0f9,M12
52b3674d-e0dd-4997-ac4d-149e2874e0f9,c9d4c0ba-ec0c-4707-9efe-06b988e4c967,M12
c9d4c0ba-ec0c-4707-9efe-06b988e4c967,c21253f0-3656-4e03-8a6f-d881b4602cf6,M12
c21253f0-3656-4e03-8a6f-d881b4602cf6,d68d0af9-d830-4d79-966b-ff20ed103c5c,M12
d68d0af9-d830-4d79-966b-ff20ed103c5c,34e3b10f-a0b2-47fb-859f-726999a23ea2,M12
34e3b10f-a0b2-47fb-859f-726999a23ea2,e8c03204-0343-4fc5-ad3f-c45cbf5ce11b,M12
e8c03204-0343-4fc5-ad3f-c45cbf5ce11b,749f5b88-6fa2-4965-85ca-685b45f66e25,M12
749f5b88-6fa2-4965-85ca-685b45f66e25,56f37902-496a-4972-8020-d9013b6b1a63,M12
56f37902-496a-4972-8020-d9013b6b1a63,2b37d9be-e1e2-433b-a78f-eea8f1e01ffd,M12
2b37d9be-e1e2-433b-a78f-eea8f1e01ffd,7f4eee61-63d3-4585-bec2-9f50d878c46f,M12
7f4eee61-63d3-4585-bec2-9f50d878c46f,66ae66fd-d41c-445b-b949-446c507ab783,M12
66ae66fd-d41c-445b-b949-446c507ab783,b6c6c012-4d4a-442e-8229-1e085610d1ce,M12
b6c6c012-4d4a-442e-8229-1e085610d1ce,b8eb7c7e-f1a0-4cc2-a9c2-4e645968d298,M12
b8eb7c7e-f1a0-4cc2-a9c2-4e645968d298,a1d0c8bf-3d74-4bd4-8353-4908580d1d91,M12
a1d0c8bf-3d74-4bd4-8353-4908580d1d91,6b32d616-b653-4c28-8e36-87c8a5541940,M12
6b32d616-b653-4c28-8e36-87c8a5541940,fc879346-c702-422d-9ca0-d525a85dbc1c,M12
f6c0832c-5a37-47de-9809-664a8c4a3cb6,1a8b84ed-371b-439e-a7b7-72c6a064d3c6,M13
1a8b84ed-371b-439e-a7b7-72c6a064d3c6,0b2dac6d-bb06-407a-815d-5b8b3d54e846,M13
0b2dac6d-bb06-407a-815d-5b8b3d54e846,03581468-f245-49d3-8681-cc1c5df8d34b,M13
03581468-f245-49d3-8681-cc1c5df8d34b,e91dc804-2da0-40ce-aea7-1f64f40ca129,M13
e91dc804-2da0-40ce-aea7-1f64f40ca129,b03a3253-ea80-4ff6-9e63-d7d526bfa194,M13
b03a3253-ea80-4ff6-9e63-d7d526bfa194,7e5a1dd4-9b90-4989-b44a-6b35f8a13f14,M13
7e5a1dd4-9b90-4989-b44a-6b35f8a13f14,6874ad8d-3d67-423b-b872-fd0093484c73,M13
6874ad8d-3d67-423b-b872-fd0093484c73,bb95460c-169a-4af7-915c-ca9ee0d5077f,M13
d6fdebfd-2ec5-4ee9-b778-6416efbb82fd,046264bd-c840-4781-9a32-7b112b97e34d,M13
046264bd-c840-4781-9a32-7b112b97e34d,4c1e833f-c363-4d65-a2b5-811c652f0fef,M13
4c1e833f-c363-4d65-a2b5-811c652f0fef,64f589f5-2b5a-4d91-ac43-68ca31730a14,M13
64f589f5-2b5a-4d91-ac43-68ca31730a14,57094566-b93a-457e-b065-5a0ecb8604d6,M13
57094566-b93a-457e-b065-5a0ecb8604d6,50af193c-1baa-4b7b-a7f1-c846edf34f88,M13
50af193c-1baa-4b7b-a7f1-c846edf34f88,bb95460c-169a-4af7-915c-ca9ee0d5077f,M13
bb95460c-169a-4af7-915c-ca9ee0d5077f,bb95460c-169a-4af7-915c-ca9ee0d5077f,M13
bb95460c-169a-4af7-915c-ca9ee0d5077f,57094566-b93a-457e-b065-5a0ecb8604d6,M13
ce294054-6da6-4c65-9bff-ba634799d39c,bb95460c-169a-4af7-915c-ca9ee0d5077f,M13
ce294054-6da6-4c65-9bff-ba634799d39c,0af924e5-a348-452d-b952-42cceda89966,M13
0af924e5-a348-452d-b952-42cceda89966,0538c6d9-110e-4e78-95ea-c54f47c25e1d,M13
0538c6d9-110e-4e78-95ea-c54f47c25e1d,463ebbb5-4290-48dc-b2c9-333c4f007b62,M13
463ebbb5-4290-48dc-b2c9-333c4f007b62,891ef774-ed18-49c2-813e-624a98ea2dc1,M13
891ef774-ed18-49c2-813e-624a98ea2dc1,a08250b1-c397-4629-b8da-815f942f38d9,M13
a08250b1-c397-4629-b8da-815f942f38d9,5a295015-670d-4d85-a5c8-f3150e050d6b,M13
5a295015-670d-4d85-a5c8-f3150e050d6b,72748398-d735-4a8b-8cb0-3cfb9b92a50a,M13
72748398-d735-4a8b-8cb0-3cfb9b92a50a,8d12cf08-e2a9-4127-baec-01b3d1a1a216,M13
8d12cf08-e2a9-4127-baec-01b3d1a1a216,602f7ed3-bcf1-4286-a47c-258266973dde,M13
602f7ed3-bcf1-4286-a47c-258266973dde,3a46d4c0-2768-4e83-a0f2-d9fdda27a386,M13
3a46d4c0-2768-4e83-a0f2-d9fdda27a386,4fb786d9-73a9-4037-b134-1d2c19703a90,M13
4fb786d9-73a9-4037-b134-1d2c19703a90,79cf121c-863e-4ac0-afc5-a9175956951b,M13
79cf121c-863e-4ac0-afc5-a9175956951b,85b044f3-3154-4295-a60f-702556a53a43,M13
85b044f3-3154-4295-a60f-702556a53a43,568e8d77-7151-448c-b08c-badbd95a3e22,M13
568e8d77-7151-448c-b08c-badbd95a3e22,2ab83e03-da24-4495-b838-072af3db041a,M13
2ab83e03-da24-4495-b838-072af3db041a,d19b565d-ff83-4e07-aa16-232d25b57d64,M13
a9e4878d-035a-467b-8715-75098d61b77d,c7db3972-1b0b-4202-a9ef-1dcb33069525,M14
c7db3972-1b0b-4202-a9ef-1dcb33069525,a69d56f6-038e-493c-8226-6a6b1bcf1d05,M14
a69d56f6-038e-493c-8226-6a6b1bcf1d05,22df1bb1-c6ab-4788-8194-fd97d494e025,M14
22df1bb1-c6ab-4788-8194-fd97d494e025,0b8bfbc4-adf6-4dac-b354-e81b05daf694,M14
0b8bfbc4-adf6-4dac-b354-e81b05daf694,5bca94f6-e392-4061-825a-88847ad43c11,M14
5bca94f6-e392-4061-825a-88847ad43c11,ed251a9b-af7e-444d-8b9e-f5e693175d45,M14
ed251a9b-af7e-444d-8b9e-f5e693175d45,a0c023ae-d3b3-467e-ba8d-c74e923b74dd,M14
a0c023ae-d3b3-467e-ba8d-c74e923b74dd,9ad44e7a-f9be-49f3-a3b5-c6ca35946be5,M14
9b857c61-12e7-47bb-859a-2198b582ab65,1b564048-f8c9-4e89-9bd1-70f44488eef1,T1
1b564048-f8c9-4e89-9bd1-70f44488eef1,aefd98fc-b8c4-48e6-84a6-a0fce8291cef,T1
aefd98fc-b8c4-48e6-84a6-a0fce8291cef,f3994770-10f7-465c-827e-a3cb35e2877c,T1
f3994770-10f7-465c-827e-a3cb35e2877c,40e10f37-c67a-403d-ade8-6036d121a11c,T1
40e10f37-c67a-403d-ade8-6036d121a11c,d67809b0-f0c7-4afc-bc53-082c7b8abc44,T1
d67809b0-f0c7-4afc-bc53-082c7b8abc44,02d61793-8d11-4a35-b0d9-12b657fb9610,T1
02d61793-8d11-4a35-b0d9-12b657fb9610,f69609b3-bef2-41ce-b9b7-d96339207c8c,T1
f69609b3-bef2-41ce-b9b7-d96339207c8c,dc1ca581-7820-4406-857a-ff788c084176,T1
dc1ca581-7820-4406-857a-ff788c084176,f3b11428-454c-4dc2-a67b-45bfc63e0143,T1
f3b11428-454c-4dc2-a67b-45bfc63e0143,4a366cfc-2fa9-4037-abcf-16257979b2be,T1
4a366cfc-2fa9-4037-abcf-16257979b2be,d8114696-f4e3-4021-b117-ef6c2c258fd6,T1
d8114696-f4e3-4021-b117-ef6c2c258fd6,e557ae69-850b-4ae3-8c64-c88fa35d3617,T1
e557ae69-850b-4ae3-8c64-c88fa35d3617,30fded01-f2d6-4674-9915-30274bcf6cf4,T1
30fded01-f2d6-4674-9915-30274bcf6cf4,64b80ea3-510f-4d97-9656-c873dd7f377d,T1
64b80ea3-510f-4d97-9656-c873dd7f377d,70da602d-c626-496e-bfbd-7ee16df1c3cc,T1
70da602d-c626-496e-bfbd-7ee16df1c3cc,f057e575-ec6b-4159-adf2-87329061477f,T1
f057e575-ec6b-4159-adf2-87329061477f,cbde475d-869e-4015-b314-5ec5e5a8ed48,T1
cbde475d-869e-4015-b314-5ec5e5a8ed48,e526b2ba-3c2c-4e73-84c8-c7661c9abd1c,T1
e526b2ba-3c2c-4e73-84c8-c7661c9abd1c,e78e4d52-4fe7-46c5-9a5f-1509827a1d7e,T1
e78e4d52-4fe7-46c5-9a5f-1509827a1d7e,aea23bb1-575e-45ea-a8be-9ab1febfdcbf,T1
aea23bb1-575e-45ea-a8be-9ab1febfdcbf,5834a68e-5174-4c0c-bf90-e90b4c5a8bf6,T1
5834a68e-5174-4c0c-bf90-e90b4c5a8bf6,8eaf8335-260d-4cac-a3d1-42e9df2ad201,T1
8eaf8335-260d-4cac-a3d1-42e9df2ad201,d610d0da-cb34-41e2-90ff-cb45a5524699,T1
d610d0da-cb34-41e2-90ff-cb45a5524699,d96639ed-b475-4297-85bf-c42f2ef669dc,T1
d96639ed-b475-4297-85bf-c42f2ef669dc,8741bd73-4025-4db3-b090-5004c3c21e2e,T1
8741bd73-4025-4db3-b090-5004c3c21e2e,45dbba98-046d-44ad-9d2e-edc07ee7e4d2,T1
45dbba98-046d-44ad-9d2e-edc07ee7e4d2,52ce8e2d-1d36-4054-8eca-9d30587917b6,T1
52ce8e2d-1d36-4054-8eca-9d30587917b6,22760f96-5422-453a-afd5-79545e644bd9,T1
22760f96-5422-453a-afd5-79545e644bd9,23ec68be-ddeb-4c56-b0f9-16cafda610cd,T1
23ec68be-ddeb-4c56-b0f9-16cafda610cd,8c9148fb-c777-46f1-b0d7-5b12822c0135,T1
8c9148fb-c777-46f1-b0d7-5b12822c0135,6dce3bb7-6617-45d2-932c-c0cdf6f3e162,T1
6dce3bb7-6617-45d2-932c-c0cdf6f3e162,99a0144c-78aa-45c8-9070-d1944ef7e8f0,T1
99a0144c-78aa-45c8-9070-d1944ef7e8f0,a5796bdd-f55c-4300-a55d-3a30baf98bff,T1
a5796bdd-f55c-4300-a55d-3a30baf98bff,0119fe10-b79b-4132-8547-f11e1cba592e,T1
0119fe10-b79b-4132-8547-f11e1cba592e,f9ca54e1-1a06-47a9-81fd-9be7340d4f72,T1
de2d6f41-f607-41fa-8ace-0a55d25f08d3,4949f7e4-eee3-4c17-b449-f5aa18e505b7,T2
4949f7e4-eee3-4c17-b449-f5aa18e505b7,edcc8051-a672-48d0-9dfa-b49ba6a06674,T2
edcc8051-a672-48d0-9dfa-b49ba6a06674,b1e5cc4f-95f0-4f8e-a38d-bb00d308cc45,T2
b1e5cc4f-95f0-4f8e-a38d-bb00d308cc45,e348ee0c-7ad7-46e5-adcd-a6857a158d28,T2
e348ee0c-7ad7-46e5-adcd-a6857a158d28,8cf26ad8-a64a-4c15-8faa-8cc14d5413e3,T2
8cf26ad8-a64a-4c15-8faa-8cc14d5413e3,a1343d46-453c-46c0-9f47-df49d85d629a,T2
a1343d46-453c-46c0-9f47-df49d85d629a,9eac591b-cf2d-46f7-949c-8940732d73fe,T2
9eac591b-cf2d-46f7-949c-8940732d73fe,6622d9aa-cd11-4e8c-ab18-f7af20f33adf,T2
6622d9aa-cd11-4e8c-ab18-f7af20f33adf,4ac93b4d-37f2-4da4-87d6-fb2801e0365a,T2
4ac93b4d-37f2-4da4-87d6-fb2801e0365a,9585be04-3942-40a1-b327-1a9611db1855,T2
9585be04-3942-40a1-b327-1a9611db1855,eb4c95ed-4c47-42c1-aa4f-8d27612bbab8,T2
eb4c95ed-4c47-42c1-aa4f-8d27612bbab8,a30852ed-39d8-4aed-a99c-f62a3002d593,T2
a30852ed-39d8-4aed-a99c-f62a3002d593,4642451f-7679-4afd-b97e-e4fcd28fe074,T2
4642451f-7679-4afd-b97e-e4fcd28fe074,d66ce2ac-7b32-4782-8688-1f09d8af31e3,T2
d66ce2ac-7b32-4782-8688-1f09d8af31e3,5077c7b4-fd48-47c3-b7d5-6404f665e8a6,T2
5077c7b4-fd48-47c3-b7d5-6404f665e8a6,f6641e37-2dde-4f44-9a9b-12bd9c40b587,T2
f6641e37-2dde-4f44-9a9b-12bd9c40b587,6ac86524-b4af-465e-b3e0-a2efb95bff84,T2
6ac86524-b4af-465e-b3e0-a2efb95bff84,19f8efd6-0a2e-4846-8c39-18fa1156567b,T2
19f8efd6-0a2e-4846-8c39-18fa1156567b,786e0c78-8333-4c66-ab35-1a0b3f878233,T2
786e0c78-8333-4c66-ab35-1a0b3f878233,f4a0c075-3a95-4d47-9c62-ea4959333166,T2
f4a0c075-3a95-4d47-9c62-ea4959333166,30994d70-c159-4c1e-839a-663a7d76feac,T2
30994d70-c159-4c1e-839a-663a7d76feac,1ef92c71-db33-4df4-a6c4-633187a490bb,T2
1ef92c71-db33-4df4-a6c4-633187a490bb,2938068d-0723-4d9e-ae2e-b6ed2e4cfe1c,T2
f7dbdbe6-711e-479c-9b6a-c39db81761d8,e80bc4f0-68e0-4b55-bc8b-2bb010d95fa2,T3A
e80bc4f0-68e0-4b55-bc8b-2bb010d95fa2,d1873d67-0045-4aad-9399-f60f0cd6551e,T3A
d1873d67-0045-4aad-9399-f60f0cd6551e,97fcc8ba-b9b4-42a2-968d-7f440b1074d2,T3A
97fcc8ba-b9b4-42a2-968d-7f440b1074d2,7ec0bd17-23e8-4e64-be19-492f4a4de92d,T3A
7ec0bd17-23e8-4e64-be19-492f4a4de92d,2b43246c-7a6e-4e78-99ed-5d2f8289f56f,T3A
2b43246c-7a6e-4e78-99ed-5d2f8289f56f,492a49ce-ad5b-4576-8d24-fa21d1814f0c,T3A
492a49ce-ad5b-4576-8d24-fa21d1814f0c,bf34c9f7-334d-44db-95db-9ea5b4a6b13a,T3A
bf34c9f7-334d-44db-95db-9ea5b4a6b13a,a2f71cab-d5bf-4b2a-b892-89774a1381d4,T3A
a2f71cab-d5bf-4b2a-b892-89774a1381d4,f8add28c-dc46-446f-a161-03ab816a27bf,T3A
f8add28c-dc46-446f-a161-03ab816a27bf,9e5f6279-b8ff-4273-93bb-f893d3376526,T3A
9e5f6279-b8ff-4273-93bb-f893d3376526,a1553a2c-4959-4472-9e09-18c027f0da2b,T3A
a1553a2c-4959-4472-9e09-18c027f0da2b,c49ad2c3-91eb-4f34-978a-40de17509566,T3A
c49ad2c3-91eb-4f34-978a-40de17509566,9d8104e7-9a13-4559-9959-b389d98356e1,T3A
9d8104e7-9a13-4559-9959-b389d98356e1,30005419-968c-4c53-bcb7-ccc399697aff,T3A
30005419-968c-4c53-bcb7-ccc399697aff,188b043b-c482-4602-8c37-190533196ef7,T3A
188b043b-c482-4602-8c37-190533196ef7,e9f7570a-3665-4b23-a23c-a42135a58f3a,T3A
e9f7570a-3665-4b23-a23c-a42135a58f3a,442ef402-d0c9-4ac6-9bd8-abd684a41791,T3A
442ef402-d0c9-4ac6-9bd8-abd684a41791,bbbaf369-dad9-4b29-b05e-588c3b02e415,T3A
bbbaf369-dad9-4b29-b05e-588c3b02e415,c89da75e-6e9a-4fcd-b4fd-2b6bd06ed52f,T3A
c89da75e-6e9a-4fcd-b4fd-2b6bd06ed52f,d5f9b87c-2cb3-45ba-9ff6-8b6df61267bc,T3A
d5f9b87c-2cb3-45ba-9ff6-8b6df61267bc,d213d242-d52e-4f37-85da-1df1fb4fe539,T3A
d213d242-d52e-4f37-85da-1df1fb4fe539,c7d36616-ab6d-4299-bb87-8718e2079f2e,T3A
c7d36616-ab6d-4299-bb87-8718e2079f2e,512a203e-6d63-4750-9666-0106daa18d8d,T3A
512a203e-6d63-4750-9666-0106daa18d8d,81b5c0e4-c71f-4292-a58b-81c9739aeb09,T3A
860ae6c4-f26c-4b0c-9703-f4a17454ab6d,d5a91b3d-8b2c-4739-8132-2942942bcd91,T3B
d5a91b3d-8b2c-4739-8132-2942942bcd91,98ff3639-cf5c-45a9-803f-ca7f60dfd225,T3B
98ff3639-cf5c-45a9-803f-ca7f60dfd225,684ad633-17df-4bfd-b7ea-658b903dcb50,T3B
684ad633-17df-4bfd-b7ea-658b903dcb50,37db2c49-2eea-4b6b-9858-12492e530aef,T3B
37db2c49-2eea-4b6b-9858-12492e530aef,d3c2e1f0-a477-4a66-92d4-6378c1d7934a,T3B
d3c2e1f0-a477-4a66-92d4-6378c1d7934a,4209adc4-6469-4f80-b037-7392d12ec860,T3B
4209adc4-6469-4f80-b037-7392d12ec860,8aa4fc6f-f1e9-4c9d-b9f0-9e19adacb345,T3B
8aa4fc6f-f1e9-4c9d-b9f0-9e19adacb345,d14e2736-d704-4ff0-a14d-bfd5bfb76901,T3B
d14e2736-d704-4ff0-a14d-bfd5bfb76901,749ffee9-fd63-45a7-8b93-72cfde50ef4b,T3B
749ffee9-fd63-45a7-8b93-72cfde50ef4b,6a46571a-87b8-45c4-bc89-d899c09c897e,T3B
6a46571a-87b8-45c4-bc89-d899c09c897e,3c9d9f68-aa33-4a9c-ae98-bf52960fc55e,T3B
3c9d9f68-aa33-4a9c-ae98-bf52960fc55e,e15406eb-c4ce-4508-9b85-462d841ce16d,T3B
e15406eb-c4ce-4508-9b85-462d841ce16d,aa9f05fc-7c80-455e-a28f-7c0d9d388f6e,T3B
aa9f05fc-7c80-455e-a28f-7c0d9d388f6e,45702a36-687e-45dc-9975-a02ce684ef9c,T3B
45702a36-687e-45dc-9975-a02ce684ef9c,8fa2722b-3ca3-4873-a030-a3cda89ded50,T3B
8fa2722b-3ca3-4873-a030-a3cda89ded50,9ee3d3fe-736b-44e2-b0bf-bdce1f44bb89,T3B
9ee3d3fe-736b-44e2-b0bf-bdce1f44bb89,eebafe7f-38f3-4eff-834b-5bf227c3a249,T3B
eebafe7f-38f3-4eff-834b-5bf227c3a249,a1b8e89b-d804-4c4e-849f-bf679837a71a,T3B
a1b8e89b-d804-4c4e-849f-bf679837a71a,c745997a-4e24-4c94-924b-1409c54ad40c,T3B
c745997a-4e24-4c94-924b-1409c54ad40c,4bd25c10-1b69-4aa2-8a97-b316375779e0,T3B
4bd25c10-1b69-4aa2-8a97-b316375779e0,d96dc1f7-5bef-4926-91f7-39bc7bf413e9,T3B
d96dc1f7-5bef-4926-91f7-39bc7bf413e9,2a74d8ba-7e8a-42c7-8399-015ca74328cb,T3B
2a74d8ba-7e8a-42c7-8399-015ca74328cb,0b9e9e19-b0ce-4317-a450-52f211d2c47a,T3B
0b9e9e19-b0ce-4317-a450-52f211d2c47a,09920331-27e6-4431-9f00-aa2cef953f19,T3B
09920331-27e6-4431-9f00-aa2cef953f19,0219a673-ae3f-41aa-bf3f-830ef64cb3a5,T3B
c629918c-058d-4679-b679-4a7e949fc161,7ac44109-933d-4166-a27d-c5c1a9400a4d,T4
7ac44109-933d-4166-a27d-c5c1a9400a4d,efad9eca-0f61-4305-9ea4-cb97e7e3c1ee,T4
efad9eca-0f61-4305-9ea4-cb97e7e3c1ee,2521e98d-54d6-4a66-9aee-1b5444465d17,T4
2521e98d-54d6-4a66-9aee-1b5444465d17,4b36d935-75db-448c-9476-cef85202d53e,T4
4b36d935-75db-448c-9476-cef85202d53e,01436b08-d5c8-49cc-91ef-372137d833a0,T4
01436b08-d5c8-49cc-91ef-372137d833a0,ad3a29b1-dca2-46a6-bb21-e3f39b4f2cac,T4
ad3a29b1-dca2-46a6-bb21-e3f39b4f2cac,b9bf8a23-c286-4e45-bd97-96b548a1aaac,T4
b9bf8a23-c286-4e45-bd97-96b548a1aaac,61347513-9085-4eab-a3a8-5c6c7a57a38a,T4
61347513-9085-4eab-a3a8-5c6c7a57a38a,e4873286-7c2c-45c5-9192-31ce7fef2f1d,T4
e4873286-7c2c-45c5-9192-31ce7fef2f1d,f2e45860-ab52-4dc6-8eae-9c5461e3eed0,T4
13d01e4f-9c0c-48f4-89a0-e5cea1c492a7,1a62b952-fb31-483f-b7cd-497c96c4883c,T5
1a62b952-fb31-483f-b7cd-497c96c4883c,31b12f24-15d0-4f32-a6b6-85e98285a7d4,T5
31b12f24-15d0-4f32-a6b6-85e98285a7d4,1396047e-9442-4cf3-bea8-48b1480642ca,T5
1396047e-9442-4cf3-bea8-48b1480642ca,512a8c78-a8b8-4197-8c2b-f2b7c36726de,T5
512a8c78-a8b8-4197-8c2b-f2b7c36726de,a8fa5784-4af6-4397-96f8-156b42579e04,T5
a8fa5784-4af6-4397-96f8-156b42579e04,086e7c15-7ed1-436c-86b2-e2de8e0f150b,T5
086e7c15-7ed1-436c-86b2-e2de8e0f150b,c81b2a60-0400-4c58-89f8-ffc37ce21c50,T5
c81b2a60-0400-4c58-89f8-ffc37ce21c50,a6e994ff-5d41-4560-a372-d4c42f4028a1,T5
a6e994ff-5d41-4560-a372-d4c42f4028a1,fac7f2ba-8fa0-4b87-affd-ee5d01498ac0,T5
fac7f2ba-8fa0-4b87-affd-ee5d01498ac0,6051d85e-871b-4c89-a717-f5ee5985803a,T5
6051d85e-871b-4c89-a717-f5ee5985803a,62893dca-0032-4dd8-9c70-d7fa690cf816,T5
62893dca-0032-4dd8-9c70-d7fa690cf816,1bd33a5c-1356-419b-8071-e0d026bfe854,T5
1bd33a5c-1356-419b-8071-e0d026bfe854,ee9bc69e-be4f-4d3a-85ae-1ad873368af2,T5
ee9bc69e-be4f-4d3a-85ae-1ad873368af2,7e2c7271-35d4-49c5-a9e1-5c83836b5fe8,T5
7e2c7271-35d4-49c5-a9e1-5c83836b5fe8,b618fba3-3687-4ffd-87bf-b3e3db0ff794,T5
69ad7986-9ba3-4b96-971a-eeba9a1a3a22,e6085529-e420-48e1-a657-0026bfa3432f,T6
e6085529-e420-48e1-a657-0026bfa3432f,c6f3a9bd-48db-4802-9a1b-c4754d4d8deb,T6
c6f3a9bd-48db-4802-9a1b-c4754d4d8deb,e7258eb4-02b3-4f57-ae05-82eb0372988e,T6
e7258eb4-02b3-4f57-ae05-82eb0372988e,8cedbeb9-2b4f-4eb1-ac96-907e7bc2b519,T6
8cedbeb9-2b4f-4eb1-ac96-907e7bc2b519,f6c3097b-15e8-4244-a4f2-df5a5f1ccb21,T6
f6c3097b-15e8-4244-a4f2-df5a5f1ccb21,ce61977b-620f-40dd-9e7f-8f2a38280b88,T6
ce61977b-620f-40dd-9e7f-8f2a38280b88,0f18f46b-eefa-4a6a-b169-3e473844f51a,T6
0f18f46b-eefa-4a6a-b169-3e473844f51a,c0e9f85e-5481-4352-a4d4-f926874e1878,T6
c0e9f85e-5481-4352-a4d4-f926874e1878,1129a184-5d5a-446a-a1ae-761a258b0f74,T6
1129a184-5d5a-446a-a1ae-761a258b0f74,58889bff-aa45-4a01-ad93-78a87283d3c4,T6
58889bff-aa45-4a01-ad93-78a87283d3c4,9792ff5a-6860-4043-acd1-961dfede7742,T6
9792ff5a-6860-4043-acd1-961dfede7742,eac57299-3747-47fd-9a9a-c8847932aeb6,T6
eac57299-3747-47fd-9a9a-c8847932aeb6,d0c02e1c-13d4-4835-90e4-617c42b757bb,T6
d0c02e1c-13d4-4835-90e4-617c42b757bb,cf8bf7b5-5e1c-48eb-8f39-eba4fb2e1266,T6
cf8bf7b5-5e1c-48eb-8f39-eba4fb2e1266,700e7631-8f22-435b-a87f-b0dd4db68943,T6
700e7631-8f22-435b-a87f-b0dd4db68943,5e9fa488-8d0d-4c8e-9aa3-98e34adea8d6,T6
5e9fa488-8d0d-4c8e-9aa3-98e34adea8d6,81a00112-3310-4949-995d-4638a4ff70d9,T6
81a00112-3310-4949-995d-4638a4ff70d9,bc054635-d16d-41ac-8958-5af4345d9da4,T6
bc054635-d16d-41ac-8958-5af4345d9da4,43bd9f87-2dfc-42ac-a25c-3cd7cf952414,T6
43bd9f87-2dfc-42ac-a25c-3cd7cf952414,1af953a2-e746-4a0b-bd54-4408a3c969d0,T6
2530624b-ad0d-417f-a67b-6e458619403a,844945b0-0a5a-441a-9283-a3baccbec895,T7
844945b0-0a5a-441a-9283-a3baccbec895,e98d88dc-042b-453a-8478-9cd0522bd3ce,T7
e98d88dc-042b-453a-8478-9cd0522bd3ce,481e23e7-fc8e-45f0-b479-f29cdcf20788,T7
481e23e7-fc8e-45f0-b479-f29cdcf20788,201b3231-7a15-462e-bae7-6e09d0e14f39,T7
201b3231-7a15-462e-bae7-6e09d0e14f39,94e034e7-7476-4607-96b0-7d15a351cda4,T7
94e034e7-7476-4607-96b0-7d15a351cda4,200dde2d-f470-4bfd-a5b6-628d10f70696,T7
200dde2d-f470-4bfd-a5b6-628d10f70696,15dd6790-45d7-4d47-8b66-2576496c2b96,T7
15dd6790-45d7-4d47-8b66-2576496c2b96,de1810cf-f18e-45f8-bf30-5cafb36ae33c,T7
de1810cf-f18e-45f8-bf30-5cafb36ae33c,655a94f3-09db-4cc1-83af-33ca6aef2480,T7
655a94f3-09db-4cc1-83af-33ca6aef2480,cf8e2a2a-925b-4b01-8d27-2ab19aeb793b,T7
cf8e2a2a-925b-4b01-8d27-2ab19aeb793b,69a21709-603a-4ba5-8d2b-38f30df1027e,T7
69a21709-603a-4ba5-8d2b-38f30df1027e,64ce6b66-de67-4011-87f8-ae023ed4d32f,T7
64ce6b66-de67-4011-87f8-ae023ed4d32f,3cad124b-9574-40f3-8bd9-58625a3be47b,T7
3cad124b-9574-40f3-8bd9-58625a3be47b,e6ce06c5-1ea1-4bb5-ad4d-06f5904672e1,T7
e6ce06c5-1ea1-4bb5-ad4d-06f5904672e1,d1752386-6b89-4882-bee5-4920d58348f3,T7
d1752386-6b89-4882-bee5-4920d58348f3,2f64b05b-4bce-4898-9144-92da9ecb971d,T7
2f64b05b-4bce-4898-9144-92da9ecb971d,4b309ad5-b012-4c75-b78d-aafb1391904a,T7
2058adb2-d272-444f-b1d7-71061b4ee9f9,896c42c4-e05a-48a1-8819-368202b88202,T8
896c42c4-e05a-48a1-8819-368202b88202,17fd2bb1-a96f-4eab-9ecd-f7ef9c1c163a,T8
17fd2bb1-a96f-4eab-9ecd-f7ef9c1c163a,1a97967d-7476-4570-82a5-eb1c5801b4c1,T8
1a97967d-7476-4570-82a5-eb1c5801b4c1,56debb02-01ed-4fd6-aef9-048595ba547a,T8
56debb02-01ed-4fd6-aef9-048595ba547a,31e40fff-ca28-4cf3-96d5-5d9b0831ce3d,T8
31e40fff-ca28-4cf3-96d5-5d9b0831ce3d,7fece2ac-ba64-41ed-ab6d-15ee058fd046,T8
7fece2ac-ba64-41ed-ab6d-15ee058fd046,54d387d7-338a-4bbe-be45-aaea43590f3a,T8
54d387d7-338a-4bbe-be45-aaea43590f3a,4bbea016-ed09-4f66-a685-2ac5d6d9f4d3,T8
4bbea016-ed09-4f66-a685-2ac5d6d9f4d3,e0e15a9f-73ef-4303-9d3c-2630697a0308,T8
9478be86-d49f-47dd-b1ed-ae1dc27e6885,65864692-f3c8-43dc-913a-38ce5afdf144,T8
65864692-f3c8-43dc-913a-38ce5afdf144,a6b1a1ed-59dd-4b88-b47a-2bd327b26698,T8
a6b1a1ed-59dd-4b88-b47a-2bd327b26698,e0e15a9f-73ef-4303-9d3c-2630697a0308,T8
12167731-ba12-47f7-a470-e1cabff80b05,4bbea016-ed09-4f66-a685-2ac5d6d9f4d3,T8
12167731-ba12-47f7-a470-e1cabff80b05,07d9f01d-3dc7-419b-9fbe-f49f41cd2879,T8
07d9f01d-3dc7-419b-9fbe-f49f41cd2879,3592a9d0-75f4-4481-a52f-34c5115722f6,T8
3592a9d0-75f4-4481-a52f-34c5115722f6,9eee61f2-d9b9-44ca-b682-879cff2d1e08,T8
0937c767-1064-4bd2-9179-26fd0b460bc3,9a3c238b-b3df-4257-a49d-588253a3b9db,T11
9a3c238b-b3df-4257-a49d-588253a3b9db,097c56db-e75e-4a6f-8b81-2e555a4b7176,T11
097c56db-e75e-4a6f-8b81-2e555a4b7176,4f7f910a-d371-4c3d-9239-3672e36bb186,T11
4f7f910a-d371-4c3d-9239-3672e36bb186,7d185a1a-8686-4555-b164-e6f27aefe864,T11
7d185a1a-8686-4555-b164-e6f27aefe864,3905bab0-79a8-46a2-a550-b017ecdb99c3,T11
3905bab0-79a8-46a2-a550-b017ecdb99c3,0adcf928-174e-4d6a-8ad9-5dd86b2b172a,T11
ebd7f1d3-0c51-42ae-b771-58e8e8f62122,19b86470-b348-4c5b-8d7a-f28335cd60da,RERA
19b86470-b348-4c5b-8d7a-f28335cd60da,94370a66-71b2-4016-81f1-0061f6c3c947,RERA
94370a66-71b2-4016-81f1-0061f6c3c947,b1ba8cad-d50d-45ef-84b1-eced1843a3fa,RERA
b1ba8cad-d50d-45ef-84b1-eced1843a3fa,9f30a958-a99c-476a-bae1-4af8c573a3c6,RERA
9f30a958-a99c-476a-bae1-4af8c573a3c6,e2fbd799-5934-4f51-9292-e3a8f881d11d,RERA
e2fbd799-5934-4f51-9292-e3a8f881d11d,359026e8-eed7-467b-b2f3-ec304fa66e6a,RERA
f8ad0f24-ca77-49a6-9458-ee450715bcc3,cdea3321-ab6a-435d-bf02-c462bda3b641,RERA
cdea3321-ab6a-435d-bf02-c462bda3b641,359026e8-eed7-467b-b2f3-ec304fa66e6a,RERA
359026e8-eed7-467b-b2f3-ec304fa66e6a,87ae680e-cbb7-4678-87fd-1ffc70c78c85,RERA
87ae680e-cbb7-4678-87fd-1ffc70c78c85,f86292b0-ac4c-420f-909a-3279c1c9df05,RERA
f86292b0-ac4c-420f-909a-3279c1c9df05,0c08b6de-a771-4ee0-a768-ed5815df333b,RERA
57f8cd2b-ca12-4671-acb2-72031835116a,8e85877c-e792-4e4e-8b84-702620e138cf,RERA
8e85877c-e792-4e4e-8b84-702620e138cf,72e00e05-1b5c-484a-bf5f-79652b8cfd29,RERA
72e00e05-1b5c-484a-bf5f-79652b8cfd29,089414b4-fb0c-4c70-9605-1af506e27b09,RERA
089414b4-fb0c-4c70-9605-1af506e27b09,c484337c-351b-45af-ae02-69ccbcb68212,RERA
c484337c-351b-45af-ae02-69ccbcb68212,e076e4ee-7b86-45bd-aa93-032cd1445a89,RERA
e076e4ee-7b86-45bd-aa93-032cd1445a89,c7adb0d0-4ac2-4a89-8d70-f3161be846af,RERA
c7adb0d0-4ac2-4a89-8d70-f3161be846af,0c08b6de-a771-4ee0-a768-ed5815df333b,RERA
0c08b6de-a771-4ee0-a768-ed5815df333b,68bf74b6-cf91-47ca-87f7-ccc6cbec9ef9,RERA
68bf74b6-cf91-47ca-87f7-ccc6cbec9ef9,e17ca701-8954-424e-b6e6-f9cbce37ca91,RERA
e17ca701-8954-424e-b6e6-f9cbce37ca91,91680d37-8e5c-4a01-ab95-85bd067a797b,RERA
91680d37-8e5c-4a01-ab95-85bd067a797b,88b874bd-ab62-4b7a-bd51-73e100a39e72,RERA
88b874bd-ab62-4b7a-bd51-73e100a39e72,9dd92da4-21bc-4cf3-9abf-724a2481f1f1,RERA
9dd92da4-21bc-4cf3-9abf-724a2481f1f1,fd511a28-80ea-4d12-973e-b1757195b278,RERA
fd511a28-80ea-4d12-973e-b1757195b278,9a33c80c-7760-4dba-9474-8e384be04d51,RERA
9a33c80c-7760-4dba-9474-8e384be04d51,bd024e1c-efaa-409b-a8a3-4673962739b7,RERA
9a33c80c-7760-4dba-9474-8e384be04d51,61545677-0e81-4a86-99e2-811968fe3d94,RERA
bd024e1c-efaa-409b-a8a3-4673962739b7,f836f28a-efa0-4003-8e0d-7ed9207b21ca,RERA
f836f28a-efa0-4003-8e0d-7ed9207b21ca,f1c5cba4-07ca-46ca-a772-c0bd7415379f,RERA
f1c5cba4-07ca-46ca-a772-c0bd7415379f,68e04f13-dbf7-46b2-9e85-2e65e5ae2416,RERA
68e04f13-dbf7-46b2-9e85-2e65e5ae2416,9f98631c-b81b-4c3f-b279-259a5a1ee70e,RERA
9f98631c-b81b-4c3f-b279-259a5a1ee70e,74b561e6-bb5b-4c2a-bcae-121af2e168d1,RERA
74b561e6-bb5b-4c2a-bcae-121af2e168d1,814646ef-7372-4c92-84ef-3b0dff49636c,RERA
814646ef-7372-4c92-84ef-3b0dff49636c,051a4092-7ea7-42cd-ac05-11ad57445c71,RERA
051a4092-7ea7-42cd-ac05-11ad57445c71,95cea1a5-d1d2-443c-9b10-de5987e9bfc0,RERA
95cea1a5-d1d2-443c-9b10-de5987e9bfc0,d8526492-8d44-4d05-97e1-f5db95064b95,RERA
d8526492-8d44-4d05-97e1-f5db95064b95,fc1d6c51-72fa-4b09-b63f-a16828979bfa,RERA
61545677-0e81-4a86-99e2-811968fe3d94,48bb3415-5b3d-47e6-a979-a2992a3cde6c,RERA
48bb3415-5b3d-47e6-a979-a2992a3cde6c,c1faa51d-8402-45fb-94a2-be012b135077,RERA
c1faa51d-8402-45fb-94a2-be012b135077,365aaef1-a99e-4ad7-9edc-4d5ad3f981a2,RERA
365aaef1-a99e-4ad7-9edc-4d5ad3f981a2,fd755028-7cc9-4f76-b933-73c57e729010,RERA
fd755028-7cc9-4f76-b933-73c57e729010,e4aa935d-da9c-4048-ac1f-8674ce6ace68,RERA
e4aa935d-da9c-4048-ac1f-8674ce6ace68,9b170c5f-5d64-420d-b8a9-372670d25964,RERA
9b170c5f-5d64-420d-b8a9-372670d25964,72b71daa-1ce1-41d1-a333-95b9c7180789,RERA
72b71daa-1ce1-41d1-a333-95b9c7180789,6bea61dc-0e9d-4535-873d-fb1fd28a2fd0,RERA
859e65b5-cd9d-4a80-aba7-5c0f3d701401,c8751f1f-c610-4194-a217-981d66c1eeee,RERB
c8751f1f-c610-4194-a217-981d66c1eeee,54440e0f-7573-4c08-8eab-8b6585f1cc7e,RERB
54440e0f-7573-4c08-8eab-8b6585f1cc7e,4fe3ec90-e666-4ae7-a54d-ff128ac4bef2,RERB
4fe3ec90-e666-4ae7-a54d-ff128ac4bef2,9099f5db-d217-48b8-922b-38f0dce52b21,RERB
9099f5db-d217-48b8-922b-38f0dce52b21,cde3e453-454e-4efa-8d43-936c98de44d9,RERB
83406596-983c-4f39-ab06-f367a4c2303a,35c05628-147b-4c5a-b1cc-bd7368d2346a,RERB
35c05628-147b-4c5a-b1cc-bd7368d2346a,a6ce4ab8-1bc6-434b-ab61-bb96e023c230,RERB
a6ce4ab8-1bc6-434b-ab61-bb96e023c230,5f43629b-1456-48b7-955e-6658730857cc,RERB
5f43629b-1456-48b7-955e-6658730857cc,cde3e453-454e-4efa-8d43-936c98de44d9,RERB
cde3e453-454e-4efa-8d43-936c98de44d9,e04688a5-7890-4c87-8f8e-03756c795e71,RERB
e04688a5-7890-4c87-8f8e-03756c795e71,86da2591-82da-4317-84e3-ebcde14cdc72,RERB
86da2591-82da-4317-84e3-ebcde14cdc72,ccda5a87-71cb-45d7-b5eb-3e31c2617fca,RERB
ccda5a87-71cb-45d7-b5eb-3e31c2617fca,ce385ea0-5cb5-49e8-8a13-74a52dccabbe,RERB
ce385ea0-5cb5-49e8-8a13-74a52dccabbe,2b829f31-9d2d-43fc-b611-7f53798f88fd,RERB
2b829f31-9d2d-43fc-b611-7f53798f88fd,0cf2ea39-c9ba-4cd9-8d37-bb8c1f4b689b,RERB
0cf2ea39-c9ba-4cd9-8d37-bb8c1f4b689b,b47fc196-8ca8-427b-90e5-e0e57af864b6,RERB
b47fc196-8ca8-427b-90e5-e0e57af864b6,86f4a214-54e6-450e-9173-6dd5451485a8,RERB
86f4a214-54e6-450e-9173-6dd5451485a8,ea2164ed-5e68-4282-9e12-1ba10ab63a7b,RERB
ea2164ed-5e68-4282-9e12-1ba10ab63a7b,5a53a086-9e23-48bf-98ad-8101d73f6ac5,RERB
5a53a086-9e23-48bf-98ad-8101d73f6ac5,79086800-e2c6-4556-8f5d-c8162230c6e6,RERB
79086800-e2c6-4556-8f5d-c8162230c6e6,c057d62b-f6d3-477c-b6ef-915eeb1431c0,RERB
c057d62b-f6d3-477c-b6ef-915eeb1431c0,f8096c52-fe64-4030-bd05-afab45c9b487,RERB
f8096c52-fe64-4030-bd05-afab45c9b487,e5af214e-22b7-4af9-8733-6e10c8d4143f,RERB
e5af214e-22b7-4af9-8733-6e10c8d4143f,36f85d0f-4b55-4878-8029-ded09a1c215d,RERB
36f85d0f-4b55-4878-8029-ded09a1c215d,1cb995f4-61c1-4159-9791-fc4a2b445b68,RERB
1cb995f4-61c1-4159-9791-fc4a2b445b68,5945bf88-8fa6-4d5d-8929-f47942963db4,RERB
5945bf88-8fa6-4d5d-8929-f47942963db4,6905d887-ccde-4f94-85a2-32ad76c292db,RERB
5945bf88-8fa6-4d5d-8929-f47942963db4,56194819-c2ee-49c0-a85d-f4b1bdb97e1e,RERB
6905d887-ccde-4f94-85a2-32ad76c292db,ea0827ae-d410-473e-b987-19bc76301803,RERB
ea0827ae-d410-473e-b987-19bc76301803,92b0b5b7-a0b5-475f-8e19-f78ff69dc771,RERB
56194819-c2ee-49c0-a85d-f4b1bdb97e1e,e7bc76cb-8538-4136-b8a4-4c80d306e4a7,RERB
e7bc76cb-8538-4136-b8a4-4c80d306e4a7,6905d887-ccde-4f94-85a2-32ad76c292db,RERB
e7bc76cb-8538-4136-b8a4-4c80d306e4a7,d2b94347-5083-47b7-a85a-03867a216b70,RERB
d2b94347-5083-47b7-a85a-03867a216b70,ea0827ae-d410-473e-b987-19bc76301803,RERB
d2b94347-5083-47b7-a85a-03867a216b70,7af32fc7-0a9f-4629-b22d-a18612a71d80,RERB
7af32fc7-0a9f-4629-b22d-a18612a71d80,92b0b5b7-a0b5-475f-8e19-f78ff69dc771,RERB
7af32fc7-0a9f-4629-b22d-a18612a71d80,4468e20c-507b-4dc5-98c6-0758743ddadd,RERB
4468e20c-507b-4dc5-98c6-0758743ddadd,56194819-c2ee-49c0-a85d-f4b1bdb97e1e,RERB
4468e20c-507b-4dc5-98c6-0758743ddadd,b71b718c-ef81-4d71-9a1c-15608fbd143a,RERB
b71b718c-ef81-4d71-9a1c-15608fbd143a,e7bc76cb-8538-4136-b8a4-4c80d306e4a7,RERB
b71b718c-ef81-4d71-9a1c-15608fbd143a,f62eb415-6cb4-41cc-a317-acc9cdcd5277,RERB
f62eb415-6cb4-41cc-a317-acc9cdcd5277,d2b94347-5083-47b7-a85a-03867a216b70,RERB
f62eb415-6cb4-41cc-a317-acc9cdcd5277,ef7fe274-96dc-4797-91e8-fd9fb0e04b17,RERB
ef7fe274-96dc-4797-91e8-fd9fb0e04b17,7af32fc7-0a9f-4629-b22d-a18612a71d80,RERB
ef7fe274-96dc-4797-91e8-fd9fb0e04b17,29cad501-f1a8-4540-aee6-66f199aeb67b,RERB
29cad501-f1a8-4540-aee6-66f199aeb67b,4468e20c-507b-4dc5-98c6-0758743ddadd,RERB
29cad501-f1a8-4540-aee6-66f199aeb67b,44ae71da-6038-4a86-91ce-9b94216cccca,RERB
44ae71da-6038-4a86-91ce-9b94216cccca,b71b718c-ef81-4d71-9a1c-15608fbd143a,RERB
44ae71da-6038-4a86-91ce-9b94216cccca,6e16350f-0382-41da-9d32-e1a5c06e3a1b,RERB
6e16350f-0382-41da-9d32-e1a5c06e3a1b,f62eb415-6cb4-41cc-a317-acc9cdcd5277,RERB
6e16350f-0382-41da-9d32-e1a5c06e3a1b,ad09ed89-8f3f-4c77-af1c-ec49a4fe5917,RERB
ad09ed89-8f3f-4c77-af1c-ec49a4fe5917,ef7fe274-96dc-4797-91e8-fd9fb0e04b17,RERB
ad09ed89-8f3f-4c77-af1c-ec49a4fe5917,56d72038-f397-4001-bcd7-12211aec3156,RERB
56d72038-f397-4001-bcd7-12211aec3156,29cad501-f1a8-4540-aee6-66f199aeb67b,RERB
56d72038-f397-4001-bcd7-12211aec3156,c82805fb-9db2-4902-bee1-cca618b94c24,RERB
c82805fb-9db2-4902-bee1-cca618b94c24,44ae71da-6038-4a86-91ce-9b94216cccca,RERB
c82805fb-9db2-4902-bee1-cca618b94c24,60d3bf2d-b254-4138-a8f3-dae770bce36d,RERB
60d3bf2d-b254-4138-a8f3-dae770bce36d,6e16350f-0382-41da-9d32-e1a5c06e3a1b,RERB
60d3bf2d-b254-4138-a8f3-dae770bce36d,92482257-2cbb-4284-a17a-c10beac69498,RERB
92482257-2cbb-4284-a17a-c10beac69498,ad09ed89-8f3f-4c77-af1c-ec49a4fe5917,RERB
92482257-2cbb-4284-a17a-c10beac69498,edc0cd0c-bcff-445f-a5e7-21c239211837,RERB
755ceb3a-df2f-456f-84e0-8664f6b75170,3df2697d-2b6f-4981-a584-5dc323bfdb84,CHANGE_SAME
755ceb3a-df2f-456f-84e0-8664f6b75170,1f2da068-67ea-4aa0-bcae-9c95dcc28948,CHANGE_SAME
b9d1c704-532d-44b1-934c-99df09c84323,833f96c2-0da1-47b2-a6f6-9c1e50dcc47d,CHANGE_SAME
e56520f5-e7d1-4b59-9c07-d38f701839ee,891ef774-ed18-49c2-813e-624a98ea2dc1,CHANGE_SAME
977af1c5-4d39-4406-82a5-c1e811c51410,39cd89b6-2ed3-4ef5-ac7c-e5903f131c96,CHANGE_SAME
977af1c5-4d39-4406-82a5-c1e811c51410,52b3674d-e0dd-4997-ac4d-149e2874e0f9,CHANGE_SAME
c8cca062-47ed-4801-8906-b5849492a297,0f5796bf-b157-4c46-9427-f9071fc75312,CHANGE_SAME
241906bd-1a8a-460a-a00a-19ab1e7af0d9,c9afc5c0-8386-4ac7-ba16-b78795f4bc30,CHANGE_SAME
241906bd-1a8a-460a-a00a-19ab1e7af0d9,9046fec1-7211-4c22-bdc3-f28e5aff4f2a,CHANGE_SAME
241906bd-1a8a-460a-a00a-19ab1e7af0d9,dbdbbb8b-724e-4cb7-af3f-a8d4094d0b87,CHANGE_SAME
241906bd-1a8a-460a-a00a-19ab1e7af0d9,22df1bb1-c6ab-4788-8194-fd97d494e025,CHANGE_SAME
5732ca8b-23ee-47fb-9718-77d2f6b477c0,51b86454-e062-49fc-b7f8-784b20e66b71,CHANGE_SAME
757a3621-4dda-4117-9888-7a836c6c3dd8,65c83b49-26fb-4371-ae38-8215908be7ff,CHANGE_SAME
757a3621-4dda-4117-9888-7a836c6c3dd8,453339c2-ccb9-482b-92aa-03e6b29e613d,CHANGE_SAME
6b2c5ee8-d593-40ab-95e6-cd90c1a5f7c8,0b8bfbc4-adf6-4dac-b354-e81b05daf694,CHANGE_SAME
6bfcba0b-189f-414f-bc44-94413a02f3bd,7645c3cc-86f7-4312-ba31-a2ebe9038ee3,CHANGE_SAME
3fe3b2e7-bc78-42b7-aee2-d9e24a170873,a1acd0b7-df11-4b1f-b234-f22cc3494994,CHANGE_SAME
3fe3b2e7-bc78-42b7-aee2-d9e24a170873,ae68412a-5504-4d74-8d80-1e7e95a44d9f,CHANGE_SAME
3fe3b2e7-bc78-42b7-aee2-d9e24a170873,68cf43b0-06f8-4a86-a6fd-2bdaffc8f49f,CHANGE_SAME
3df2697d-2b6f-4981-a584-5dc323bfdb84,1f2da068-67ea-4aa0-bcae-9c95dcc28948,CHANGE_SAME
10b62ae5-35ff-45db-af51-d2671b983651,fc75c25e-4614-4ec0-8528-b882d76982c5,CHANGE_SAME
a19b50e8-8284-47de-a5d4-303e2f4e1058,ce294054-6da6-4c65-9bff-ba634799d39c,CHANGE_SAME
fc51df3e-c34c-4ba4-bb3b-9596338beb13,8290b734-bb90-4c7a-9c3a-9926a5e25ff3,CHANGE_SAME
83fffe6d-c4b2-4ba4-a631-7078087c95af,57462cbc-7eca-4406-a66c-52107e06f2e2,CHANGE_SAME
a7a96d0e-de76-41c3-bc38-88d12b04ed1d,26320586-e7af-4abf-bd3a-bd8383359193,CHANGE_SAME
a7a96d0e-de76-41c3-bc38-88d12b04ed1d,ba871a49-ba2a-4ef0-bcba-86559c28d894,CHANGE_SAME
ee8beb96-1812-440f-80b7-d9a7b0094388,fac704ce-20a3-441a-ad2e-43b9b5c78b0c,CHANGE_SAME
ee8beb96-1812-440f-80b7-d9a7b0094388,eed6aec9-53ed-42e5-bb4c-b695b4571f82,CHANGE_SAME
c7a97b27-235c-4a4a-bfba-f9ca4f4501bc,d42d11c4-1641-4bb3-88ff-c40ad18b9089,CHANGE_SAME
c7a97b27-235c-4a4a-bfba-f9ca4f4501bc,132489eb-4061-402f-9ba5-50755201633c,CHANGE_SAME
eb12bfff-2545-4cc0-bd66-abcb3bdee780,0781e432-ee8b-4a7d-805d-6402004e8a85,CHANGE_SAME
f4d561ba-e7f2-42b2-b8f6-d82da069ea9c,85a18989-c8c3-4b4e-9f8a-cccc95167713,CHANGE_SAME
a1acd0b7-df11-4b1f-b234-f22cc3494994,ae68412a-5504-4d74-8d80-1e7e95a44d9f,CHANGE_SAME
a1acd0b7-df11-4b1f-b234-f22cc3494994,68cf43b0-06f8-4a86-a6fd-2bdaffc8f49f,CHANGE_SAME
425b6d44-f26d-4521-b737-a8b577bc437d,c74b2c33-d410-4540-aa4b-6dca528df34b,CHANGE_SAME
425b6d44-f26d-4521-b737-a8b577bc437d,0538c6d9-110e-4e78-95ea-c54f47c25e1d,CHANGE_SAME
425b6d44-f26d-4521-b737-a8b577bc437d,a9e4878d-035a-467b-8715-75098d61b77d,CHANGE_SAME
5560ad51-630a-4c94-9a96-fe45637e19d0,9acb92c2-faac-4d7d-a10d-2c54b3cf3cc9,CHANGE_SAME
7497e934-33d8-4143-ac73-b75e9841cc85,4e145214-f40c-4cf3-b4aa-76e0c987ff49,CHANGE_SAME
7497e934-33d8-4143-ac73-b75e9841cc85,6f37ba26-77e1-4105-8840-a3ca42c98c1e,CHANGE_SAME
9abe35dc-425d-43e3-9733-96c8861f77f3,a2da50b7-0e06-48a7-9902-de0d454aa4f7,CHANGE_SAME
5320b8bf-cb2c-49cc-bfca-d8934dbf07a2,67a9e5c5-145f-4912-9520-ba5b689b7785,CHANGE_SAME
b02dedb1-5c12-4990-85a3-51b96860363d,01aec5d9-209a-454e-8f37-b877f74ffe8a,CHANGE_SAME
b02dedb1-5c12-4990-85a3-51b96860363d,b15b689a-f391-4a2c-8727-0073778518ed,CHANGE_SAME
b02dedb1-5c12-4990-85a3-51b96860363d,1616e4eb-50f4-4073-b7c4-ddf714264278,CHANGE_SAME
b02dedb1-5c12-4990-85a3-51b96860363d,f1ad70bd-5d00-43df-8f2f-d403a99954e8,CHANGE_SAME
b5b5dab5-ed60-4782-9efd-736be530c098,6af0419d-a071-45c7-931b-59155b7015e3,CHANGE_SAME
ed9de319-e425-4801-b53a-8e42740e5f4b,2f7ffcbd-6ec8-47c7-951c-6e03298a828c,CHANGE_SAME
d1d23771-c86a-4e7b-9dbd-a035b2afa48a,e8a7c66f-1db1-41fc-97a0-519752af401e,CHANGE_SAME
26320586-e7af-4abf-bd3a-bd8383359193,ba871a49-ba2a-4ef0-bcba-86559c28d894,CHANGE_SAME
154524ba-089d-4474-b1cf-9533abbd28b0,979f7753-6044-4475-826d-9873b9020a51,CHANGE_SAME
154524ba-089d-4474-b1cf-9533abbd28b0,c5202f62-6a57-44bb-b057-422e3454ee38,CHANGE_SAME
b72964b7-7ffb-4ca7-8729-baebb0b40c41,6014b488-6855-4d24-9291-e4a40fe4cde0,CHANGE_SAME
b72964b7-7ffb-4ca7-8729-baebb0b40c41,e7e5d05f-8f22-433a-8219-791a337d4bef,CHANGE_SAME
c9afc5c0-8386-4ac7-ba16-b78795f4bc30,9046fec1-7211-4c22-bdc3-f28e5aff4f2a,CHANGE_SAME
c9afc5c0-8386-4ac7-ba16-b78795f4bc30,dbdbbb8b-724e-4cb7-af3f-a8d4094d0b87,CHANGE_SAME
c9afc5c0-8386-4ac7-ba16-b78795f4bc30,22df1bb1-c6ab-4788-8194-fd97d494e025,CHANGE_SAME
6f0be043-8753-47a5-af4e-873682e9e557,02040ce7-ca49-4639-8f91-54f65df79ee7,CHANGE_SAME
73c193b7-7eb9-41c3-b5e8-74f92bc20b8c,f4c3281c-5625-4317-8fac-0a7d2b566fc2,CHANGE_SAME
73c193b7-7eb9-41c3-b5e8-74f92bc20b8c,56f37902-496a-4972-8020-d9013b6b1a63,CHANGE_SAME
73c193b7-7eb9-41c3-b5e8-74f92bc20b8c,602f7ed3-bcf1-4286-a47c-258266973dde,CHANGE_SAME
ba33f3f8-5a6f-4b43-bec5-80ebc9b8a9e6,da728721-895f-43c5-a9e5-91cac3090415,CHANGE_SAME
eb1fb494-48a4-4252-baab-0a5ebc29b41a,3def76a3-c0d3-4d2b-999f-c28d4adb2e8f,CHANGE_SAME
d42d11c4-1641-4bb3-88ff-c40ad18b9089,132489eb-4061-402f-9ba5-50755201633c,CHANGE_SAME
fac704ce-20a3-441a-ad2e-43b9b5c78b0c,eed6aec9-53ed-42e5-bb4c-b695b4571f82,CHANGE_SAME
979f7753-6044-4475-826d-9873b9020a51,c5202f62-6a57-44bb-b057-422e3454ee38,CHANGE_SAME
01aec5d9-209a-454e-8f37-b877f74ffe8a,b15b689a-f391-4a2c-8727-0073778518ed,CHANGE_SAME
01aec5d9-209a-454e-8f37-b877f74ffe8a,1616e4eb-50f4-4073-b7c4-ddf714264278,CHANGE_SAME
01aec5d9-209a-454e-8f37-b877f74ffe8a,f1ad70bd-5d00-43df-8f2f-d403a99954e8,CHANGE_SAME
93a26e42-56a8-4918-8c8f-70e7982935be,62e62d2c-89c1-4d2a-b35f-da04b9e79a2c,CHANGE_SAME
65c83b49-26fb-4371-ae38-8215908be7ff,453339c2-ccb9-482b-92aa-03e6b29e613d,CHANGE_SAME
7e001018-784d-4f3b-ac17-a1c54b1d00b5,6429e188-69bb-4dc7-8b46-c704e72841b1,CHANGE_SAME
4ab9c0b8-bda1-434e-96fa-9897fd05fc11,60b3084a-256d-4462-965b-d4300723a1e5,CHANGE_SAME
4ab9c0b8-bda1-434e-96fa-9897fd05fc11,9cc8c832-0b9a-4960-8b00-bf69bd1424ab,CHANGE_SAME
031acf11-25b2-4a06-98b4-5cfe7347daf1,00419aee-1c76-4f1e-bda0-e0e3eac65898,CHANGE_SAME
43cb2e8d-a03c-4539-975d-48113a7dc1fb,418bdc65-4b7d-443f-a024-1200bc1b5557,CHANGE_SAME
43cb2e8d-a03c-4539-975d-48113a7dc1fb,738f1322-411b-4cf5-a367-1ba41f472b1f,CHANGE_SAME
eaadd210-e039-48df-86fa-9f8d61a603d9,7f4eee61-63d3-4585-bec2-9f50d878c46f,CHANGE_SAME
f4c3281c-5625-4317-8fac-0a7d2b566fc2,56f37902-496a-4972-8020-d9013b6b1a63,CHANGE_SAME
f4c3281c-5625-4317-8fac-0a7d2b566fc2,602f7ed3-bcf1-4286-a47c-258266973dde,CHANGE_SAME
60b3084a-256d-4462-965b-d4300723a1e5,9cc8c832-0b9a-4960-8b00-bf69bd1424ab,CHANGE_SAME
cc8704fb-c908-463c-8159-6e2379666108,5bca94f6-e392-4061-825a-88847ad43c11,CHANGE_SAME
33efcd47-ecc6-4752-9e72-cefb278dc89e,e35c326a-0b77-4b12-9da6-79789ce2a5c4,CHANGE_SAME
ae68412a-5504-4d74-8d80-1e7e95a44d9f,68cf43b0-06f8-4a86-a6fd-2bdaffc8f49f,CHANGE_SAME
5e36d407-7375-4399-8286-2438214f9725,e7bab5a6-d571-4233-8abb-568b0a0df76b,CHANGE_SAME
817870c1-d954-41de-926c-72dd4c8e4eeb,ec6e5c91-fccf-4c94-a5fc-5f5f25d8594d,CHANGE_SAME
4e145214-f40c-4cf3-b4aa-76e0c987ff49,6f37ba26-77e1-4105-8840-a3ca42c98c1e,CHANGE_SAME
d9826fce-40f6-4c37-98a9-f09e3de33bd2,a69d56f6-038e-493c-8226-6a6b1bcf1d05,CHANGE_SAME
9046fec1-7211-4c22-bdc3-f28e5aff4f2a,dbdbbb8b-724e-4cb7-af3f-a8d4094d0b87,CHANGE_SAME
9046fec1-7211-4c22-bdc3-f28e5aff4f2a,22df1bb1-c6ab-4788-8194-fd97d494e025,CHANGE_SAME
7069efeb-bc47-4edf-bda1-82d5f4787e58,3b879b61-66f0-458a-b736-cd6fe06b58a5,CHANGE_SAME
b0159fb7-cc52-43e7-92e9-c4b3d21f2b92,f327c7c3-fd0f-498d-9955-fc5767c24166,CHANGE_SAME
418bdc65-4b7d-443f-a024-1200bc1b5557,418bdc65-4b7d-443f-a024-1200bc1b5557,CHANGE_SAME
d522db49-61de-402c-a168-0f16bfcf8e8f,a08250b1-c397-4629-b8da-815f942f38d9,CHANGE_SAME
39cd89b6-2ed3-4ef5-ac7c-e5903f131c96,52b3674d-e0dd-4997-ac4d-149e2874e0f9,CHANGE_SAME
ea285362-8547-46d3-9477-931b470d0f79,ad8f3b37-7952-4a80-8c25-4f4a98604018,CHANGE_SAME
ea285362-8547-46d3-9477-931b470d0f79,c7db3972-1b0b-4202-a9ef-1dcb33069525,CHANGE_SAME
9935d16b-398e-4b71-81eb-c2fadd07a4ab,80c2301d-e86a-4d08-8a3e-a74718dd76bb,CHANGE_SAME
6014b488-6855-4d24-9291-e4a40fe4cde0,6014b488-6855-4d24-9291-e4a40fe4cde0,CHANGE_SAME
b15b689a-f391-4a2c-8727-0073778518ed,1616e4eb-50f4-4073-b7c4-ddf714264278,CHANGE_SAME
b15b689a-f391-4a2c-8727-0073778518ed,f1ad70bd-5d00-43df-8f2f-d403a99954e8,CHANGE_SAME
f3aab47b-024e-4644-b9dd-058a089c2a76,3ab35ee9-604d-4eac-a941-29c2c867f53d,CHANGE_SAME
a95f7f34-baa5-49a5-96e4-7dd6b16aaa8b,b88c58c3-b9ad-4f01-a810-403dfdcff170,CHANGE_SAME
47bf9b32-5909-4fd3-9608-5ee76110a305,463ebbb5-4290-48dc-b2c9-333c4f007b62,CHANGE_SAME
63537095-223a-42b6-8a26-1e2ad70aa283,425b6d44-f26d-4521-b737-a8b577bc437d,CHANGE_SAME
e7e5d05f-8f22-433a-8219-791a337d4bef,6014b488-6855-4d24-9291-e4a40fe4cde0,CHANGE_SAME
1616e4eb-50f4-4073-b7c4-ddf714264278,f1ad70bd-5d00-43df-8f2f-d403a99954e8,CHANGE_SAME
738f1322-411b-4cf5-a367-1ba41f472b1f,738f1322-411b-4cf5-a367-1ba41f472b1f,CHANGE_SAME
e7a1d7d5-cc67-4779-8966-6459923b20ab,8d12cf08-e2a9-4127-baec-01b3d1a1a216,CHANGE_SAME
7dd56423-1d0e-48be-a157-d20a8a363f73,34e3b10f-a0b2-47fb-859f-726999a23ea2,CHANGE_SAME
dbdbbb8b-724e-4cb7-af3f-a8d4094d0b87,22df1bb1-c6ab-4788-8194-fd97d494e025,CHANGE_SAME
c74b2c33-d410-4540-aa4b-6dca528df34b,0538c6d9-110e-4e78-95ea-c54f47c25e1d,CHANGE_SAME
c74b2c33-d410-4540-aa4b-6dca528df34b,a9e4878d-035a-467b-8715-75098d61b77d,CHANGE_SAME
ad8f3b37-7952-4a80-8c25-4f4a98604018,ad8f3b37-7952-4a80-8c25-4f4a98604018,CHANGE_SAME
56f37902-496a-4972-8020-d9013b6b1a63,602f7ed3-bcf1-4286-a47c-258266973dde,CHANGE_SAME
0538c6d9-110e-4e78-95ea-c54f47c25e1d,a9e4878d-035a-467b-8715-75098d61b77d,CHANGE_SAME
602f7ed3-bcf1-4286-a47c-258266973dde,602f7ed3-bcf1-4286-a47c-258266973dde,CHANGE_SAME
c7db3972-1b0b-4202-a9ef-1dcb33069525,ad8f3b37-7952-4a80-8c25-4f4a98604018,CHANGE_SAME
4a366cfc-2fa9-4037-abcf-16257979b2be,07d9f01d-3dc7-419b-9fbe-f49f41cd2879,CHANGE_SAME
e557ae69-850b-4ae3-8c64-c88fa35d3617,13d01e4f-9c0c-48f4-89a0-e5cea1c492a7,CHANGE_SAME
30994d70-c159-4c1e-839a-663a7d76feac,e80bc4f0-68e0-4b55-bc8b-2bb010d95fa2,CHANGE_SAME
2938068d-0723-4d9e-ae2e-b6ed2e4cfe1c,97fcc8ba-b9b4-42a2-968d-7f440b1074d2,CHANGE_SAME
81b5c0e4-c71f-4292-a58b-81c9739aeb09,860ae6c4-f26c-4b0c-9703-f4a17454ab6d,CHANGE_SAME
896c42c4-e05a-48a1-8819-368202b88202,0937c767-1064-4bd2-9179-26fd0b460bc3,CHANGE_SAME
9478be86-d49f-47dd-b1ed-ae1dc27e6885,097c56db-e75e-4a6f-8b81-2e555a4b7176,CHANGE_SAME
88b874bd-ab62-4b7a-bd51-73e100a39e72,b47fc196-8ca8-427b-90e5-e0e57af864b6,CHANGE_SAME
755ceb3a-df2f-456f-84e0-8664f6b75170,e17ca701-8954-424e-b6e6-f9cbce37ca91,CHANGE_DIFF
241906bd-1a8a-460a-a00a-19ab1e7af0d9,88b874bd-ab62-4b7a-bd51-73e100a39e72,CHANGE_DIFF
241906bd-1a8a-460a-a00a-19ab1e7af0d9,b47fc196-8ca8-427b-90e5-e0e57af864b6,CHANGE_DIFF
6b2c5ee8-d593-40ab-95e6-cd90c1a5f7c8,9dd92da4-21bc-4cf3-9abf-724a2481f1f1,CHANGE_DIFF
3fe3b2e7-bc78-42b7-aee2-d9e24a170873,fd511a28-80ea-4d12-973e-b1757195b278,CHANGE_DIFF
cc967a54-83e5-40af-9c61-012b9ea9906a,81b5c0e4-c71f-4292-a58b-81c9739aeb09,CHANGE_DIFF
cc967a54-83e5-40af-9c61-012b9ea9906a,860ae6c4-f26c-4b0c-9703-f4a17454ab6d,CHANGE_DIFF
3df2697d-2b6f-4981-a584-5dc323bfdb84,e17ca701-8954-424e-b6e6-f9cbce37ca91,CHANGE_DIFF
ee8beb96-1812-440f-80b7-d9a7b0094388,0cf2ea39-c9ba-4cd9-8d37-bb8c1f4b689b,CHANGE_DIFF
a1acd0b7-df11-4b1f-b234-f22cc3494994,fd511a28-80ea-4d12-973e-b1757195b278,CHANGE_DIFF
e239d124-0875-4832-a242-a5584a957bd2,684ad633-17df-4bfd-b7ea-658b903dcb50,CHANGE_DIFF
ed9de319-e425-4801-b53a-8e42740e5f4b,4209adc4-6469-4f80-b037-7392d12ec860,CHANGE_DIFF
f45eccca-20a6-4114-859f-93224afd9f73,c745997a-4e24-4c94-924b-1409c54ad40c,CHANGE_DIFF
26320586-e7af-4abf-bd3a-bd8383359193,0cf2ea39-c9ba-4cd9-8d37-bb8c1f4b689b,CHANGE_DIFF
c9afc5c0-8386-4ac7-ba16-b78795f4bc30,88b874bd-ab62-4b7a-bd51-73e100a39e72,CHANGE_DIFF
c9afc5c0-8386-4ac7-ba16-b78795f4bc30,b47fc196-8ca8-427b-90e5-e0e57af864b6,CHANGE_DIFF
eb1fb494-48a4-4252-baab-0a5ebc29b41a,79086800-e2c6-4556-8f5d-c8162230c6e6,CHANGE_DIFF
61c65477-c6d8-4918-9f11-286bf3638bd1,f8add28c-dc46-446f-a161-03ab816a27bf,CHANGE_DIFF
a172deef-108f-4889-b274-336bc256ac2f,8c9148fb-c777-46f1-b0d7-5b12822c0135,CHANGE_DIFF
1bf4d462-672a-4ac5-a6ad-6bada09d7286,749ffee9-fd63-45a7-8b93-72cfde50ef4b,CHANGE_DIFF
ba871a49-ba2a-4ef0-bcba-86559c28d894,0cf2ea39-c9ba-4cd9-8d37-bb8c1f4b689b,CHANGE_DIFF
1f2da068-67ea-4aa0-bcae-9c95dcc28948,e17ca701-8954-424e-b6e6-f9cbce37ca91,CHANGE_DIFF
3def76a3-c0d3-4d2b-999f-c28d4adb2e8f,79086800-e2c6-4556-8f5d-c8162230c6e6,CHANGE_DIFF
ae68412a-5504-4d74-8d80-1e7e95a44d9f,fd511a28-80ea-4d12-973e-b1757195b278,CHANGE_DIFF
b7466cd2-1062-4ef1-a8bc-c01b8a106d1f,5834a68e-5174-4c0c-bf90-e90b4c5a8bf6,CHANGE_DIFF
60e334fd-e399-48b3-a2da-d95306aa6bde,e15406eb-c4ce-4508-9b85-462d841ce16d,CHANGE_DIFF
9046fec1-7211-4c22-bdc3-f28e5aff4f2a,88b874bd-ab62-4b7a-bd51-73e100a39e72,CHANGE_DIFF
9046fec1-7211-4c22-bdc3-f28e5aff4f2a,b47fc196-8ca8-427b-90e5-e0e57af864b6,CHANGE_DIFF
07372633-832e-4c75-902b-975bae2c2dd2,30005419-968c-4c53-bcb7-ccc399697aff,CHANGE_DIFF
31d6de51-e073-48f9-a9c5-59ad322019ff,188b043b-c482-4602-8c37-190533196ef7,CHANGE_DIFF
b010b770-f802-4990-98c1-884401bee0e8,e9f7570a-3665-4b23-a23c-a42135a58f3a,CHANGE_DIFF
c70516f4-ea24-4cd6-8270-293358f1350b,2530624b-ad0d-417f-a67b-6e458619403a,CHANGE_DIFF
98f2d262-eeea-4515-808a-db431fa208bc,8aa4fc6f-f1e9-4c9d-b9f0-9e19adacb345,CHANGE_DIFF
0a5ea39e-e669-4770-be27-651690edd9d9,e80bc4f0-68e0-4b55-bc8b-2bb010d95fa2,CHANGE_DIFF
0a5ea39e-e669-4770-be27-651690edd9d9,30994d70-c159-4c1e-839a-663a7d76feac,CHANGE_DIFF
a036f675-ab4d-4096-bfa2-de5c78d9e4f7,d213d242-d52e-4f37-85da-1df1fb4fe539,CHANGE_DIFF
a809871f-e266-43c2-baf3-133b134805f3,d5f9b87c-2cb3-45ba-9ff6-8b6df61267bc,CHANGE_DIFF
97b91d0e-3882-41d3-bdbb-ce8cb50144f0,d66ce2ac-7b32-4782-8688-1f09d8af31e3,CHANGE_DIFF
68cf43b0-06f8-4a86-a6fd-2bdaffc8f49f,fd511a28-80ea-4d12-973e-b1757195b278,CHANGE_DIFF
b19203ad-f4b6-42fd-84fb-f26468121b72,d5a91b3d-8b2c-4739-8132-2942942bcd91,CHANGE_DIFF
63544981-bb7c-4209-bea7-102072fedbc2,4642451f-7679-4afd-b97e-e4fcd28fe074,CHANGE_DIFF
0ac00d16-b248-455d-b8b7-ca38205c13c8,86f4a214-54e6-450e-9173-6dd5451485a8,CHANGE_DIFF
dbdbbb8b-724e-4cb7-af3f-a8d4094d0b87,88b874bd-ab62-4b7a-bd51-73e100a39e72,CHANGE_DIFF
dbdbbb8b-724e-4cb7-af3f-a8d4094d0b87,b47fc196-8ca8-427b-90e5-e0e57af864b6,CHANGE_DIFF
2f7ffcbd-6ec8-47c7-951c-6e03298a828c,4209adc4-6469-4f80-b037-7392d12ec860,CHANGE_DIFF
29203577-26e0-4c0f-8968-e590c17c8c56,eebafe7f-38f3-4eff-834b-5bf227c3a249,CHANGE_DIFF
a1d0c8bf-3d74-4bd4-8353-4908580d1d91,2938068d-0723-4d9e-ae2e-b6ed2e4cfe1c,CHANGE_DIFF
a1d0c8bf-3d74-4bd4-8353-4908580d1d91,97fcc8ba-b9b4-42a2-968d-7f440b1074d2,CHANGE_DIFF
1a8b84ed-371b-439e-a7b7-72c6a064d3c6,30fded01-f2d6-4674-9915-30274bcf6cf4,CHANGE_DIFF
0b2dac6d-bb06-407a-815d-5b8b3d54e846,9eee61f2-d9b9-44ca-b682-879cff2d1e08,CHANGE_DIFF
7e5a1dd4-9b90-4989-b44a-6b35f8a13f14,d96dc1f7-5bef-4926-91f7-39bc7bf413e9,CHANGE_DIFF
d6fdebfd-2ec5-4ee9-b778-6416efbb82fd,9b857c61-12e7-47bb-859a-2198b582ab65,CHANGE_DIFF
57094566-b93a-457e-b065-5a0ecb8604d6,09920331-27e6-4431-9f00-aa2cef953f19,CHANGE_DIFF
85b044f3-3154-4295-a60f-702556a53a43,492a49ce-ad5b-4576-8d24-fa21d1814f0c,CHANGE_DIFF
d19b565d-ff83-4e07-aa16-232d25b57d64,1af953a2-e746-4a0b-bd54-4408a3c969d0,CHANGE_DIFF
22df1bb1-c6ab-4788-8194-fd97d494e025,88b874bd-ab62-4b7a-bd51-73e100a39e72,CHANGE_DIFF
22df1bb1-c6ab-4788-8194-fd97d494e025,b47fc196-8ca8-427b-90e5-e0e57af864b6,CHANGE_DIFF
0b8bfbc4-adf6-4dac-b354-e81b05daf694,9dd92da4-21bc-4cf3-9abf-724a2481f1f1,CHANGE_DIFF
a0c023ae-d3b3-467e-ba8d-c74e923b74dd,bbbaf369-dad9-4b29-b05e-588c3b02e415,CHANGE_DIFF
a1553a2c-4959-4472-9e09-18c027f0da2b,c057d62b-f6d3-477c-b6ef-915eeb1431c0,CHANGE_DIFF
f2e45860-ab52-4dc6-8eae-9c5461e3eed0,cde3e453-454e-4efa-8d43-936c98de44d9,CHANGE_DIFF
0adcf928-174e-4d6a-8ad9-5dd86b2b172a,ccda5a87-71cb-45d7-b5eb-3e31c2617fca,CHANGE_DIFF
68bf74b6-cf91-47ca-87f7-ccc6cbec9ef9,b312bda1-e65c-4592-b58b-033ad4718767,CHANGE_DIFF
68bf74b6-cf91-47ca-87f7-ccc6cbec9ef9,9eac591b-cf2d-46f7-949c-8940732d73fe,CHANGE_DIFF
0cf2ea39-c9ba-4cd9-8d37-bb8c1f4b689b,a7a96d0e-de76-41c3-bc38-88d12b04ed1d,CHANGE_DIFF
