INDEX,UUID,LINE,NAME,LATITUDE,LONGITUDE,STATION,STATION_NAME
10,b312bda1-e65c-4592-b58b-033ad4718767,M1,La Défense Grande Arche,"48,89218708","2,237018056",1bf24499-4ef5-4e08-8f5c-f0a04421d44e,La Défense Grande Arche
20,14d98de6-ffc6-43a2-860e-225a5bafb31a,M1,Esplanade de La Défense,"48,88863122","2,247932435",3d5a8e99-e88b-4f3a-b0e7-ed0031bccd6b,Esplanade de La Défense
30,c1f64a40-3640-4a29-a774-9ecf46583272,M1,Pont de Neuilly,"48,8847082","2,260515078",30293c67-6e54-4220-89dd-e3462536e656,Pont de Neuilly
40,f18d9711-8b9b-43a3-8139-e9a815f5fe3c,M1,Les Sablons,"48,88119152","2,271686721",e0033ac7-54c0-4181-85a1-5920a6e8489e,Les Sablons
50,00cb9108-5b85-4c30-b608-bc47a05bc205,M1,Porte Maillot,"48,87755125","2,283162242",72dc60ae-a5cf-4def-b937-7a09cb351e8a,Porte Maillot
60,f2fd6950-afae-4ef0-852e-767d5d8b7e9e,M1,Argentine,"48,87559405","2,28932259",517ea309-27f9-4c84-be7b-8f79c3f998e9,Argentine
70,755ceb3a-df2f-456f-84e0-8664f6b75170,M1,Charles de Gaulle - Etoile,"48,87514982","2,295904906",8a51ce81-f3bd-41ee-a6fd-3911d00eec19,Charles de Gaulle - Etoile
80,3c9bd481-35e3-4ffc-b973-f6a5c7f7f284,M1,Georges V,"48,87202381","2,300560451",bae01629-a6f8-4294-bbaf-85ccde81ee84,Georges V
90,b9d1c704-532d-44b1-934c-99df09c84323,M1,Franklin D. Roosevelt,"48,86980822","2,307470793",5f6a4a7b-09e9-421b-a9f2-2a4d533298ef,Franklin D. Roosevelt
100,e56520f5-e7d1-4b59-9c07-d38f701839ee,M1,Champs-Elysées - Clémenceau,"48,86790534","2,31354555",fed8eabb-da75-43bd-8d4a-16728c9c1128,Champs-Elysées - Clémenceau
110,977af1c5-4d39-4406-82a5-c1e811c51410,M1,Concorde,"48,8662858","2,322943412",d8ab1e1d-daa3-453b-a05c-4c733c403678,Concorde
120,fbd3ad64-8537-4e18-afc2-ed5d3d9cb097,M1,Tuileries,"48,86434378","2,330129877",c7d1a124-6ce7-47ee-aea0-f13d250a5deb,Tuileries
130,c8cca062-47ed-4801-8906-b5849492a297,M1,Palais Royal - Musée du Louvre,"48,86234803","2,336496462",42ffc378-082b-4afd-a243-d9b9acb511fa,Palais Royal - Musée du Louvre
140,0da91896-c62c-4bd3-b9b3-eb61633b0b82,M1,Louvre - Rivoli,"48,86080629","2,341108592",5b3ebec3-478c-482c-8dfb-1a1fcb72d6cf,Louvre - Rivoli
150,241906bd-1a8a-460a-a00a-19ab1e7af0d9,M1,Châtelet,"48,8587992","2,347305853",dd0d7a96-b6d1-48d8-8ef7-1130cc8004ac,Châtelet
160,5732ca8b-23ee-47fb-9718-77d2f6b477c0,M1,Hôtel de Ville,"48,85747798","2,351577563",151928ac-1eaf-4df1-a7d7-2d51db2d52d3,Hôtel de Ville
170,4ea4d00a-b92a-444a-b724-c5acc705003e,M1,Saint-Paul,"48,85523625","2,360956489",69ccaaa9-a769-49b0-8d94-2deb2c428225,Saint-Paul
180,757a3621-4dda-4117-9888-7a836c6c3dd8,M1,Bastille,"48,85247942","2,369320585",81c478ad-c332-4b4a-b1a6-11fc7c4c5c7f,Bastille
190,6b2c5ee8-d593-40ab-95e6-cd90c1a5f7c8,M1,Gare de Lyon,"48,84602765","2,374962919",692e5314-ab68-4108-9900-07b429239506,Gare de Lyon
200,6bfcba0b-189f-414f-bc44-94413a02f3bd,M1,Reuilly - Diderot,"48,84730379","2,386341706",6a2550e7-f200-4ad3-a0ff-b53966c8cfaa,Reuilly - Diderot
210,3fe3b2e7-bc78-42b7-aee2-d9e24a170873,M1,Nation,"48,84757937","2,395554512",a55f8a4c-be4d-4e2d-9df2-45dcd97bee1c,Nation
220,cc967a54-83e5-40af-9c61-012b9ea9906a,M1,Porte de Vincennes,"48,84715848","2,410140368",f4a82b27-4474-49cc-bc3d-250ef4177efe,Porte de Vincennes
230,e3d0442b-0e5f-4001-afc2-d696f5a402f9,M1,Saint-Mandé,"48,84635699","2,4194799",4e358e90-60c8-4819-80d6-054525d753af,Saint-Mandé
240,895a38ab-fed5-4126-8540-b15a5036c9a6,M1,Bérault,"48,84547071","2,429205166",c3560d83-a983-492d-b29b-a1dc5c91b244,Bérault
250,d9c3de39-fb67-4a6e-8ec3-b766513b1f0c,M1,Château de Vincennes,"48,84445639","2,440439978",8f78df34-5c7a-41b7-9360-a77a807b73d3,Château de Vincennes
260,cf517a3b-379d-4e6e-a96a-8d0643d5f8d0,M2,Porte Dauphine,"48,87146658","2,277083017",4c3ec564-a4b9-4235-aaeb-b8ee9c2f3677,Porte Dauphine
270,48dfa2a0-9de8-43cd-aa71-6356484814a4,M2,Victor Hugo,"48,86979856","2,285335095",ac8f29e0-7011-4d33-a57e-8852dd82a152,Victor Hugo
280,3df2697d-2b6f-4981-a584-5dc323bfdb84,M2,Charles de Gaulle - Etoile,"48,87461393","2,29556737",8a51ce81-f3bd-41ee-a6fd-3911d00eec19,Charles de Gaulle - Etoile
290,ea229cd3-5220-40f9-b1bb-254cc1389174,M2,Ternes,"48,8779727","2,298310375",c38b9aaa-5255-4628-bf69-88b132e09003,Ternes
300,86fe7668-389f-4a80-8e58-25a59ec038f9,M2,Courcelles,"48,87921413","2,303528725",e3e88a41-0535-4ade-8f53-53c9a4ed0b8b,Courcelles
310,9769e1a1-be66-4f4c-860e-3d8a816a6855,M2,Monceau,"48,88044946","2,309451168",7de59bc7-618a-45f6-8337-a924f56b5c68,Monceau
320,10b62ae5-35ff-45db-af51-d2671b983651,M2,Villiers,"48,88115003","2,315176626",b228a94a-ef5a-46b7-8f14-54e1629f30bc,Villiers
330,f5e995d0-a5fc-456e-aa47-56206377bd98,M2,Rome,"48,8822269","2,321274927",e6c84f48-3936-4089-bbbc-ebe9f941a385,Rome
340,a19b50e8-8284-47de-a5d4-303e2f4e1058,M2,Place de Clichy,"48,88361499","2,327839556",e49ffd46-998f-4111-8512-e85a0ba98f11,Place de Clichy
350,65f01e7a-26f3-47c6-9a6b-23709091885c,M2,Blanche,"48,88395857","2,331926591",bd015557-7ed8-49fd-9ea2-ce11912a21f3,Blanche
360,fc51df3e-c34c-4ba4-bb3b-9596338beb13,M2,Pigalle,"48,88239015","2,337294791",0dd99be2-21d0-4197-afba-b5435292e894,Pigalle
370,a2f93f5e-583f-44b1-ace8-3c71fc827140,M2,Anvers,"48,88286865","2,344130634",7a13ae6a-9304-4a6b-af8f-2f05265173cc,Anvers
380,83fffe6d-c4b2-4ba4-a631-7078087c95af,M2,Barbès - Rechechouart,"48,88380394","2,350613001",1955b623-fb02-40b1-a95b-8c10f4f6e354,Barbès - Rechechouart
390,a7a96d0e-de76-41c3-bc38-88d12b04ed1d,M2,La Chapelle,"48,8843988","2,360491319",40c4f8ae-0cd8-4f95-8351-4d9bfb57211b,La Chapelle
400,ee8beb96-1812-440f-80b7-d9a7b0094388,M2,Stalingrad,"48,88427894","2,365881358",55bc4ee3-d7ff-4e63-b1d5-8a096a6c62f1,Stalingrad
410,c7a97b27-235c-4a4a-bfba-f9ca4f4501bc,M2,Jaurès,"48,8814986","2,370262127",f4e0c9ed-7be8-4f8e-a63c-6408f58d7c9c,Jaurès
420,1806cd1d-602d-4895-ac58-6f74604c73ff,M2,Colonel Fabien,"48,87761019","2,370811395",9734b159-3bfe-4b0d-baca-4c5671e23c33,Colonel Fabien
430,eb12bfff-2545-4cc0-bd66-abcb3bdee780,M2,Belleville,"48,87231011","2,376702145",274264b6-484f-43a8-96a4-53a62053be5c,Belleville
440,f988baae-2b18-4331-bbc7-1f3204b166df,M2,Couronnes,"48,86909116","2,380542586",13a19dab-281b-4c92-af3d-8f24f3db68d0,Couronnes
450,8ba4c93d-e391-4cbf-8025-e7331e4231c6,M2,Ménilmontant,"48,86680004","2,38338325",0bafbb82-3b50-4cb8-a321-d15fc116f234,Ménilmontant
460,f4d561ba-e7f2-42b2-b8f6-d82da069ea9c,M2,Père Lachaise,"48,86265402","2,387607288",257d38f4-424d-4fe9-90eb-ee8ba6e44a18,Père Lachaise
470,c1d5956c-b697-4a2c-973b-eb3c1c83c256,M2,Philippe Auguste,"48,85846655","2,389729852",48e6541a-bb53-4aa2-8d47-08130f241739,Philippe Auguste
480,19422ca3-5505-40a0-b879-c8be1ac3228d,M2,Alexandre Dumas,"48,85637736","2,394561945",26b5e6c3-4ca9-4447-9e95-25b1e5657b56,Alexandre Dumas
490,ba1c12c8-b769-4226-9caf-375e0d03ac52,M2,Avron,"48,85151028","2,398302344",5a2baccc-a909-479c-af43-0f426ee67697,Avron
500,a1acd0b7-df11-4b1f-b234-f22cc3494994,M2,Nation,"48,84847429","2,395062305",a55f8a4c-be4d-4e2d-9df2-45dcd97bee1c,Nation
510,1c3dc4ab-5954-491b-9800-fb2426118ddf,M3,Pont de Levallois Bécon,"48,89782107","2,279809587",e39ba938-ec0f-47b8-b8ef-f1f7b679aba7,Pont de Levallois Bécon
520,299b6e60-3fb4-4ad0-904e-5b1e9abe8bb5,M3,Anatole France,"48,89208279","2,285009503",1eebec8a-a21b-4908-b83a-3a736cff6382,Anatole France
530,279eed37-af68-4aa9-ac9a-9aba0512bbfc,M3,Louise Michel,"48,88870602","2,288083633",45d00f7e-852e-4e81-9200-a0138b6cab90,Louise Michel
540,9d5578b3-14cb-4752-b3c0-7a49054c6e3e,M3,Porte de Champerret,"48,88579311","2,292582314",c49be6c9-5970-48e3-896e-d12d5ff61471,Porte de Champerret
550,d0bd14be-edba-4239-b164-fda2f7fcf3cc,M3,Pereire,"48,88489626","2,297724346",5f33773c-52c3-4923-9137-f99369c1758e,Pereire
560,9a0f60d6-785f-4467-ada5-503f1ddb96c4,M3,Wagram,"48,8838092","2,304674441",a7e18597-75e2-4d9a-af06-88204107e207,Wagram
570,c1cfecdd-ed53-468e-8a46-d6c5082960b0,M3,Malesherbes,"48,88289192","2,309052265",6573d04e-4a09-4b26-9908-683c8ee4e729,Malesherbes
580,fc75c25e-4614-4ec0-8528-b882d76982c5,M3,Villiers,"48,88115003","2,315176626",b228a94a-ef5a-46b7-8f14-54e1629f30bc,Villiers
590,59d6ed5c-e1a5-40a4-9cd2-64fede7c47ee,M3,Europe,"48,87877037","2,322265213",ac82da5f-3cd2-4de1-82c4-db3110b3e4d5,Europe
600,425b6d44-f26d-4521-b737-a8b577bc437d,M3,Saint-Lazare,"48,8750064","2,32457481",789fda31-3484-49ef-b05d-36ba7f9ed1ce,Saint-Lazare
610,5560ad51-630a-4c94-9a96-fe45637e19d0,M3,Havre - Caumartin,"48,87351339","2,32754308",c44f00b0-9da4-4ff9-9faf-f3cf4617a0e4,Havre - Caumartin
620,7497e934-33d8-4143-ac73-b75e9841cc85,M3,Opéra,"48,87099178","2,331989523",8882ebb5-cd45-4230-90a5-9a1a13bc6d6c,Opéra
630,f438d7fc-4016-464b-8f26-d1e5bcb99a72,M3,Quatre-Septembre,"48,86958524","2,336218848",36d841c5-b70b-446a-b60b-e9ca7781478b,Quatre-Septembre
640,7990755b-f930-4d27-a20f-2b1a597efd68,M3,Bourse,"48,86869598","2,340720724",ee936cda-4448-4822-a0b3-f1f0cf87b10b,Bourse
650,bd9c7ac1-a57f-4d37-97a8-74ce3b8e9724,M3,Sentier,"48,86730948","2,347516213",685c002a-ef3d-4a04-a361-73f0fedf8847,Sentier
660,9abe35dc-425d-43e3-9733-96c8861f77f3,M3,Réaumur - Sébastopol,"48,8663403","2,352068318",9e0516f5-0ca5-440a-9a1f-8da7a5b103b4,Réaumur - Sébastopol
670,5320b8bf-cb2c-49cc-bfca-d8934dbf07a2,M3,Arts et Métiers,"48,86558648","2,356736757",966d9651-e9bf-4592-9cc5-2397c284cbf5,Arts et Métiers
680,c9be487d-dbc2-4aed-9dbf-4d47d6d61a84,M3,Temple,"48,86668268","2,361541532",9026998d-a612-42a6-9b11-6cdee52a85ca,Temple
690,b02dedb1-5c12-4990-85a3-51b96860363d,M3,République,"48,86702679","2,364247994",26facafd-46f7-41a1-818b-c8637f3621cb,République
700,df3e3243-f9d4-4c3a-90df-429ed8bdb265,M3,Parmentier,"48,86525379","2,37458197",372a817c-1620-45dd-9432-4bef32d43be8,Parmentier
710,7c5b978b-835f-481e-a408-1818c85fae36,M3,Rue Saint-Maur,"48,86408657","2,380797986",ce65cf94-3a72-4171-b030-955fbd90567f,Rue Saint-Maur
720,85a18989-c8c3-4b4e-9f8a-cccc95167713,M3,Père Lachaise,"48,86312321","2,385882449",257d38f4-424d-4fe9-90eb-ee8ba6e44a18,Père Lachaise
730,b5b5dab5-ed60-4782-9efd-736be530c098,M3,Gambetta,"48,86491669","2,39898444",7c7eae60-1861-4c35-99f7-6517dc9816e4,Gambetta
740,e239d124-0875-4832-a242-a5584a957bd2,M3,Porte de Bagnolet,"48,86460037","2,408031037",b91ecae3-f922-4d60-b247-5351da9c13b7,Porte de Bagnolet
750,c678762b-4217-426b-95ba-2e201a5d27b2,M3,Gallieni,"48,86533532","2,416697273",19df7659-38c3-4cca-998d-29f5664e5e0b,Gallieni
760,ed9de319-e425-4801-b53a-8e42740e5f4b,M3BIS,Porte des Lilas,"48,87711051","2,406729246",22152b62-1a80-45c3-8a22-e22ad6e860cb,Porte des Lilas
770,2cf3a892-f374-42e3-b3f0-b7f8de2e4eff,M3BIS,Saint-Fargeau,"48,87210144","2,404514942",722ab633-d9df-4ce1-b378-0eacf8e13add,Saint-Fargeau
780,07d0c083-a9e7-4f39-8526-50274cac3eb4,M3BIS,Pelleport,"48,86844016","2,401561713",c4e09db7-d274-4143-a3da-e55e08665d2c,Pelleport
790,6af0419d-a071-45c7-931b-59155b7015e3,M3BIS,Gambetta,"48,86516343","2,398746593",7c7eae60-1861-4c35-99f7-6517dc9816e4,Gambetta
800,f45eccca-20a6-4114-859f-93224afd9f73,M4,Porte de Clignancourt,"48,89740222","2,344847749",898d04c8-0272-4ec4-ad6e-b2367f13469c,Porte de Clignancourt
810,d8787d52-05f8-4770-abfc-cb1b3839e5e6,M4,Simplon,"48,89394139","2,347765502",ee3a2f7a-2eb3-43e2-bcdb-147e91f4582b,Simplon
820,d1d23771-c86a-4e7b-9dbd-a035b2afa48a,M4,Marcadet - Poissonniers,"48,89141683","2,349738407",fdb84143-8295-4a07-b84e-24c8bda69c95,Marcadet - Poissonniers
830,e6aee936-3acc-471d-b108-eb8cc91bf364,M4,Château Rouge,"48,88737491","2,349694082",70d2be91-c35b-4b62-983e-c2c0c1b7459b,Château Rouge
840,57462cbc-7eca-4406-a66c-52107e06f2e2,M4,Barbès - Rechechouart,"48,88343619","2,349774444",1955b623-fb02-40b1-a95b-8c10f4f6e354,Barbès - Rechechouart
850,26320586-e7af-4abf-bd3a-bd8383359193,M4,Gare du Nord,"48,87955128","2,356995164",b878e519-4e4a-418a-ae69-bc02ba624f09,Gare du Nord
860,154524ba-089d-4474-b1cf-9533abbd28b0,M4,Gare de l'Est,"48,87599106","2,357880772",d4796d31-308d-44bb-9476-35645eda94e3,Gare de l'Est
870,74958610-ad70-46b3-80e0-64a0a06164d7,M4,Château d'Eau,"48,87242491","2,356044908",a6f34eca-d5ff-4fc9-bdbf-9ef7a4ca6e22,Château d'Eau
880,b72964b7-7ffb-4ca7-8729-baebb0b40c41,M4,Strasbourg - Saint-Denis,"48,86949077","2,354391768",8824ea5a-df02-4bdb-9a96-c0ea90f6a778,Strasbourg - Saint-Denis
890,a2da50b7-0e06-48a7-9902-de0d454aa4f7,M4,Réaumur - Sébastopol,"48,86606969","2,352459744",9e0516f5-0ca5-440a-9a1f-8da7a5b103b4,Réaumur - Sébastopol
900,911b28ae-f78d-4cda-81ba-c97eb31dd9ba,M4,Etienne Marcel,"48,86380744","2,348880653",4acd03b5-f7e3-42f3-a9b4-cfb0bc312062,Etienne Marcel
910,48c85a26-a721-453a-aacc-e1258603bfa6,M4,Les Halles,"48,86231628","2,345673828",7dbc93d7-222e-4a47-b010-da4fac5ba844,Les Halles
920,c9afc5c0-8386-4ac7-ba16-b78795f4bc30,M4,Châtelet,"48,85838237","2,34756483",dd0d7a96-b6d1-48d8-8ef7-1130cc8004ac,Châtelet
930,a8285f92-4343-42ec-b41d-5a8e88b53687,M4,Cité,"48,85493638","2,347321316",a9f9c2a4-2e03-4f28-a4c0-7e31a8babfc4,Cité
940,12706f88-0949-4d87-865e-dc27efd3cda2,M4,Saint-Michel,"48,85316798","2,343285979",9714932c-e5d4-4b7e-b001-0c1e488a9f42,Saint-Michel
950,6f0be043-8753-47a5-af4e-873682e9e557,M4,Odéon,"48,85230076","2,339727782",c86e6d93-5458-481b-a9b2-f9a0bfb96237,Odéon
960,c5c61f9a-c2d7-41d3-9f01-5fde78f60865,M4,Saint-Germain-des-Prés,"48,85371893","2,333776137",afa96a06-2f34-4e81-bb7b-3b45028da111,Saint-Germain-des-Prés
970,67e54c11-3701-49de-9b5a-d18be9e90e20,M4,Saint-Sulpice,"48,85167225","2,331256291",91a63e9c-3764-4b0a-9f46-186fd203d204,Saint-Sulpice
980,d402283d-be4a-4e2d-b2e0-aeaf1abbe134,M4,Saint-Placide,"48,84687824","2,326792785",7d8c6d26-2058-4f75-9e71-df97774c1b68,Saint-Placide
990,73c193b7-7eb9-41c3-b5e8-74f92bc20b8c,M4,Montparnasse - Bienvenüe,"48,8437813","2,324397012",ffefd491-6fd0-4c1e-b15c-277cc921789d,Montparnasse - Bienvenüe
1000,a4a70632-c11f-4002-a2d9-e39c82060717,M4,Vavin,"48,84221841","2,329008926",b71bd144-ec8b-41e4-88fa-b85e667dbf2d,Vavin
1010,ba33f3f8-5a6f-4b43-bec5-80ebc9b8a9e6,M4,Raspail,"48,83896428","2,330754192",b4a62b8f-c240-44ef-af37-5e58248080cb,Raspail
1020,eb1fb494-48a4-4252-baab-0a5ebc29b41a,M4,Denfert - Rochereau,"48,83345086","2,331740131",5c553a90-aff2-40df-ba6d-93149bf1d8b0,Denfert - Rochereau
1030,4996164a-af29-49b5-9701-f6f496d538af,M4,Mouton - Duvernet,"48,83111266","2,329705013",bf3ba251-1fd7-4b80-a42a-e0101a49cc13,Mouton - Duvernet
1040,1d708958-e2e5-4738-a9dd-6a02a5b6de4a,M4,Alésia,"48,82818848","2,32716465",4d6567e9-74a9-4a9b-ab58-373f7d4160e7,Alésia
1050,61c65477-c6d8-4918-9f11-286bf3638bd1,M4,Porte d'Orléans,"48,82341163","2,325575636",537b9c69-15b7-4095-8635-1aa8815c1969,Porte d'Orléans
1060,6d195900-116c-4b85-bcb0-6d6f9bb695bd,M4,Mairie de Montrouge,"48,81867641","2,319740313",0fcec4f5-bad0-41aa-95ab-f0fe0ce592fa,Mairie de Montrouge
1070,a172deef-108f-4889-b274-336bc256ac2f,M5,Bobigny - Pablo Picasso,"48,90637477","2,449189904",a7900912-e2f7-4c42-8644-d16c41286870,Bobigny - Pablo Picasso
1080,cd313e09-ce5d-409c-8ea8-55cac0dcd5bc,M5,Bobigny - Pantin - Raymond Queneau,"48,89545467","2,425326889",e3768d61-1f8e-4044-8743-23e3d2e57a8c,Bobigny - Pantin - Raymond Queneau
1090,72b9bbe5-8fd5-4b24-92ee-d5f0ddada128,M5,Eglise de Pantin,"48,89325759","2,41331314",f70ca6aa-2b29-4fe8-a984-36e913db35a0,Eglise de Pantin
1100,b1aed7a7-f269-484a-90f5-961cb3c541bb,M5,Hoche,"48,89122859","2,402352143",5d902ab7-c2c6-4a7a-b493-12f34bf77e85,Hoche
1110,1bf4d462-672a-4ac5-a6ad-6bada09d7286,M5,Porte de Pantin,"48,88850369","2,392113698",e5c0e095-33d7-41ab-b948-55f026637a79,Porte de Pantin
1120,80951edc-35d3-4481-b648-3b9853d91067,M5,Ourcq,"48,88713487","2,386960017",3223a9e7-3364-43eb-9a59-2cc420666211,Ourcq
1130,5ad86ac4-6613-470f-ae8e-51f8397749c8,M5,Laumière,"48,88521618","2,379663077",1f4a5119-2db4-4abe-86a2-077df0a25181,Laumière
1140,d42d11c4-1641-4bb3-88ff-c40ad18b9089,M5,Jaurès,"48,88314745","2,371001441",f4e0c9ed-7be8-4f8e-a63c-6408f58d7c9c,Jaurès
1150,fac704ce-20a3-441a-ad2e-43b9b5c78b0c,M5,Stalingrad,"48,88442089","2,36589382",55bc4ee3-d7ff-4e63-b1d5-8a096a6c62f1,Stalingrad
1160,ba871a49-ba2a-4ef0-bcba-86559c28d894,M5,Gare du Nord,"48,87985014","2,357459347",b878e519-4e4a-418a-ae69-bc02ba624f09,Gare du Nord
1170,979f7753-6044-4475-826d-9873b9020a51,M5,Gare de l'Est,"48,87612635","2,358047505",d4796d31-308d-44bb-9476-35645eda94e3,Gare de l'Est
1180,58d37da8-8d48-47cc-961e-0f83ab17777b,M5,Jacques Bonsergent,"48,87080998","2,361027467",f084ac6a-fc05-443c-8bb3-1d02a0388f5a,Jacques Bonsergent
1190,01aec5d9-209a-454e-8f37-b877f74ffe8a,M5,République,"48,86738447","2,36426495",26facafd-46f7-41a1-818b-c8637f3621cb,République
1200,93a26e42-56a8-4918-8c8f-70e7982935be,M5,Oberkampf,"48,86465788","2,368410026",35718678-12aa-4ebb-b132-75b8953d96e2,Oberkampf
1210,17714f09-edaa-4832-9c2b-25ed3e68ef9b,M5,Richard-Lenoir,"48,85987362","2,37191398",0bfcaae1-bf3e-4fc1-a573-66e64c4fdca4,Richard-Lenoir
1220,edd840a6-24cb-4415-9324-8e450ffaa381,M5,Bréguet - Sabin,"48,85614071","2,370209338",31122800-8ac1-43fd-bc05-4a7d08a35550,Bréguet - Sabin
1230,65c83b49-26fb-4371-ae38-8215908be7ff,M5,Bastille,"48,85343696","2,368736573",81c478ad-c332-4b4a-b1a6-11fc7c4c5c7f,Bastille
1240,8d8db83e-f6b0-4fa5-90cb-1c202c6d973b,M5,Quai de la Râpée,"48,8465154","2,365873469",d0a872dd-770b-48c0-9392-243f1e20744d,Quai de la Râpée
1250,7e001018-784d-4f3b-ac17-a1c54b1d00b5,M5,Gare d'Austerlitz,"48,84226539","2,365338653",c3b5d646-e058-4fa8-a64a-234c5397c87b,Gare d'Austerlitz
1260,56a7621a-e8bb-4851-85cf-d786709ab583,M5,Saint-Marcel,"48,8384273","2,360967168",debfe58d-ba89-4fe8-8170-956f73bf1910,Saint-Marcel
1270,9882a61c-1ee8-44aa-a880-89660363666d,M5,Campo-Formio,"48,83549536","2,358823489",5a95435f-1e07-4880-be95-8648a324667f,Campo-Formio
1280,4ab9c0b8-bda1-434e-96fa-9897fd05fc11,M5,Place d'Italie,"48,83097267","2,355580274",f19706ec-b784-421d-aa2e-11733683c51a,Place d'Italie
1290,1f2da068-67ea-4aa0-bcae-9c95dcc28948,M6,Charles de Gaulle - Etoile,"48,87474865","2,295560256",8a51ce81-f3bd-41ee-a6fd-3911d00eec19,Charles de Gaulle - Etoile
1300,c437e277-9249-4a57-9f53-b499650885ba,M6,Kléber,"48,87164977","2,29352429",b6e2fbe7-c2d3-4e77-bf4c-c128d0b5837d,Kléber
1310,d7123303-29d4-407d-b36b-c117bf8b2324,M6,Boissière,"48,86698311","2,290058835",88c76e1e-2fdb-4190-aee8-961ab9a51bdc,Boissière
1320,031acf11-25b2-4a06-98b4-5cfe7347daf1,M6,Trocadéro,"48,86361094","2,287580163",15df26f3-5949-4632-9acf-f11144b5eaa1,Trocadéro
1330,93e53aee-eb29-4366-98b1-0dd1447daec5,M6,Passy,"48,85744869","2,285812444",70811f4b-3f34-492b-a7b2-0759723b7b51,Passy
1340,76e2aa2c-b01f-4e0f-86c3-d08605088205,M6,Bir-Hakheim,"48,85394261","2,289334533",5b0a3ad8-f97c-4d73-ac7d-a87d447db90c,Bir-Hakheim
1350,f13c272f-3d8a-4a7b-842f-0d7415410f97,M6,Dupleix,"48,85043455","2,29361244",9581729c-664e-4139-814f-61a5de510796,Dupleix
1360,43cb2e8d-a03c-4539-975d-48113a7dc1fb,M6,La Motte-Piquet - Grenelle,"48,84874167","2,298930912",4bb04ac0-40a8-4cb5-966c-fd072595e981,La Motte-Piquet - Grenelle
1370,e359031e-93f3-4121-901c-1efcf919db2f,M6,Cambronne,"48,84750708","2,302968299",de31969d-237c-426c-a7bd-caf9cd8f71fa,Cambronne
1380,d1c36fe0-7027-46af-8680-d877c6426ee2,M6,Sévres - Lecourbe,"48,84562697","2,30953149",987c4d88-0f16-44b7-b416-2a61a058906a,Sévres - Lecourbe
1390,eaadd210-e039-48df-86fa-9f8d61a603d9,M6,Pasteur,"48,84267682","2,312812773",b75e6a8c-05ad-44cd-8dd1-896ebb4cae67,Pasteur
1400,f4c3281c-5625-4317-8fac-0a7d2b566fc2,M6,Montparnasse - Bienvenüe,"48,84210221","2,321278563",ffefd491-6fd0-4c1e-b15c-277cc921789d,Montparnasse - Bienvenüe
1410,ba55b1b7-623b-432d-a474-40f5a6fc0fad,M6,Edgar Quinet,"48,84066323","2,326384611",d8e95b50-f693-48ba-97c8-7c8de4a9e612,Edgar Quinet
1420,da728721-895f-43c5-a9e5-91cac3090415,M6,Raspail,"48,83896428","2,330754192",b4a62b8f-c240-44ef-af37-5e58248080cb,Raspail
1430,3def76a3-c0d3-4d2b-999f-c28d4adb2e8f,M6,Denfert - Rochereau,"48,83429298","2,33285231",5c553a90-aff2-40df-ba6d-93149bf1d8b0,Denfert - Rochereau
1440,ed544ed8-535a-4ce1-9430-9546d68747df,M6,Saint-Jacques,"48,83290082","2,337135191",1eac76b7-2615-43b4-9719-e85339a67842,Saint-Jacques
1450,f7564950-e922-406b-bc65-e5f80bad1576,M6,Glacière,"48,83112955","2,343511658",2ece0ecb-afbf-49df-bacc-14640227f05e,Glacière
1460,c3ff3def-9e04-4b96-897b-b31320fa9560,M6,Corvisart,"48,82979051","2,350414872",5395fe03-2eac-470d-9a35-2bab9605e040,Corvisart
1470,60b3084a-256d-4462-965b-d4300723a1e5,M6,Place d'Italie,"48,83092724","2,356121939",f19706ec-b784-421d-aa2e-11733683c51a,Place d'Italie
1480,7aa3d05a-7558-4796-903e-5309201bd540,M6,Nationale,"48,83321672","2,3628564",1644a84f-354b-48e8-a097-8a3be7f17ca1,Nationale
1490,f7be018c-07c3-4d8f-b500-aee8a6758038,M6,Chevaleret,"48,83494772","2,368126329",eec9dcb8-3318-4755-bfb1-e3ff433ede19,Chevaleret
1500,30e17dd1-b336-4edc-be27-2792b8d2710d,M6,Quai de la Gare,"48,83704512","2,372825722",3b604111-b1bd-493c-84f4-c890aba0e262,Quai de la Gare
1510,cc8704fb-c908-463c-8159-6e2379666108,M6,Bercy,"48,84038875","2,379911271",818eb2f8-d5a9-4e2e-a1ba-9df3235907f4,Bercy
1520,758e7841-1a49-4e10-9c11-4cb6789edacd,M6,Dugommier,"48,83904114","2,389620011",571a7209-b96f-472b-b883-2917425c37e6,Dugommier
1530,33efcd47-ecc6-4752-9e72-cefb278dc89e,M6,Dausmenil,"48,83954965","2,395703289",25f63acc-fcc6-4220-9597-14116b4ec945,Dausmenil
1540,27214370-e4c5-46ac-bb59-9d8da592c88f,M6,Bel-Air,"48,84133825","2,400918538",d9a471ff-a6c5-4c9d-84c1-5e8f2b6bb134,Bel-Air
1550,4acb6b43-e63b-41da-bc4c-7a8609cf16e5,M6,Picpus,"48,84506158","2,40128902",1f971245-7c92-4476-912a-80bb1a62d3cc,Picpus
1560,ae68412a-5504-4d74-8d80-1e7e95a44d9f,M6,Nation,"48,84737488","2,395461995",a55f8a4c-be4d-4e2d-9df2-45dcd97bee1c,Nation
1570,b7466cd2-1062-4ef1-a8bc-c01b8a106d1f,M7,La Courneuve - 8 Mai 1945,"48,92078597","2,410598614",54f4b6cf-1212-42c2-86b4-9b83acf7b867,La Courneuve - 8 Mai 1945
1580,f011b367-77b7-4c03-b63a-c8ae5c6fafa3,M7,Fort d'Aubervilliers,"48,91494976","2,404409087",b8306712-4b7c-4f8b-9734-a08cbf2adff1,Fort d'Aubervilliers
1590,cf95fa18-973e-40c0-a616-c9d59558b22f,M7,Aubervilliers - Pantin - Quatre Chemins,"48,90375993","2,39228706",1da00f90-1066-4989-b252-fca6c2d4ce99,Aubervilliers - Pantin - Quatre Chemins
1600,60e334fd-e399-48b3-a2da-d95306aa6bde,M7,Porte de la Villette,"48,89738989","2,385508388",bba54b47-5ec9-411f-a813-3f321998712f,Porte de la Villette
1610,2ef6381b-4da7-499d-a30d-593505692b2f,M7,Corentin Cariou,"48,89483647","2,382522343",4f0d5a6c-a930-4998-9cfd-3d746b72941a,Corentin Cariou
1620,36dfacce-996a-41cf-86fa-11783b821d05,M7,Crimée,"48,89078897","2,377315756",7f97fa92-afd3-4a64-8c62-4a23f3d9f2ec,Crimée
1630,7a1abb55-0e84-4bfc-b250-5825eb671c8c,M7,Riquet,"48,88826762","2,374204012",ca117f6f-b499-489a-8bb9-f1f61f96d1df,Riquet
1640,eed6aec9-53ed-42e5-bb4c-b695b4571f82,M7,Stalingrad,"48,88438515","2,369391984",55bc4ee3-d7ff-4e63-b1d5-8a096a6c62f1,Stalingrad
1650,5e36d407-7375-4399-8286-2438214f9725,M7,Louis Blanc,"48,88128581","2,365544319",2395e650-458d-4727-b33a-12d773822eaa,Louis Blanc
1660,972d75b1-8a40-4ef5-ba37-a4e83162d02a,M7,Château-Landon,"48,87856563","2,362160072",911fd58d-d139-46dc-bf65-3f1a769a0837,Château-Landon
1670,c5202f62-6a57-44bb-b057-422e3454ee38,M7,Gare de l'Est,"48,8762727","2,358057904",d4796d31-308d-44bb-9476-35645eda94e3,Gare de l'Est
1680,d8850a9e-5419-4051-8b8a-c515a3b9c3a2,M7,Poissonnière,"48,87723632","2,349293902",68b285d5-3b4b-4176-aa70-ec82134ebdba,Poissonnière
1690,1fda4799-6798-4c5c-9594-04c34b8024da,M7,Cadet,"48,87589068","2,34412603",2b2d5986-ffc7-4ff9-ab55-c18b7c9f77a3,Cadet
1700,328c2fa9-8a9f-4b0b-a4d4-9cfc2b3787f2,M7,Le Peletier,"48,87487434","2,340199884",da92fa82-4668-496d-815b-feccffb08884,Le Peletier
1710,817870c1-d954-41de-926c-72dd4c8e4eeb,M7,Chaussée d'Antin - La Fayette,"48,87310927","2,333451219",c206a8ad-5f20-49c5-a0c6-81c881f7b386,Chaussée d'Antin - La Fayette
1720,4e145214-f40c-4cf3-b4aa-76e0c987ff49,M7,Opéra,"48,8704867","2,332407406",8882ebb5-cd45-4230-90a5-9a1a13bc6d6c,Opéra
1730,d9826fce-40f6-4c37-98a9-f09e3de33bd2,M7,Pyramides,"48,86598092","2,334330724",85cc553b-cb40-41db-841a-4ef2f78dd259,Pyramides
1740,0f5796bf-b157-4c46-9427-f9071fc75312,M7,Palais Royal - Musée du Louvre,"48,86282967","2,336878398",42ffc378-082b-4afd-a243-d9b9acb511fa,Palais Royal - Musée du Louvre
1750,27e3286a-d4bb-418f-a973-c2f843201e4a,M7,Pont Neuf,"48,85855383","2,342232759",9be9f810-4164-4db6-9630-c72d66964507,Pont Neuf
1760,9046fec1-7211-4c22-bdc3-f28e5aff4f2a,M7,Châtelet,"48,85705997","2,34771188",dd0d7a96-b6d1-48d8-8ef7-1130cc8004ac,Châtelet
1770,96ccc5b7-dfca-4b67-8912-e9f144e4f0b8,M7,Pont Marie,"48,85357547","2,357162572",686b1905-2573-4820-9a20-6a00bcff51d4,Pont Marie
1780,cc60fc70-a0e1-44ca-b0d2-7c5aaf2bb761,M7,Sully - Morland,"48,85123768","2,361985141",3f1a69d1-bd17-406f-a1f1-dc863ab91a78,Sully - Morland
1790,7069efeb-bc47-4edf-bda1-82d5f4787e58,M7,Jussieu,"48,84595067","2,355050263",699e4355-395c-45f0-ae04-2fa6feaacd0f,Jussieu
1800,79b04856-e340-4c50-8358-fb946ec65095,M7,Place Monge,"48,84286683","2,352224728",e5c9250c-18b9-4587-8697-0d535931f484,Place Monge
1810,6d6b6937-0ecd-4e41-916d-3b756bd7a041,M7,Censier Daubenton,"48,84048665","2,351739487",8fce6588-83fe-4549-b320-d1eab26748ad,Censier Daubenton
1820,8340f9f1-977c-4eb8-bd20-24ad28847bc7,M7,Les Gobelins,"48,83586348","2,352588926",9be472ba-e08e-43a3-8930-5ec35f2b3dbc,Les Gobelins
1830,9cc8c832-0b9a-4960-8b00-bf69bd1424ab,M7,Place d'Italie,"48,83143363","2,355643643",f19706ec-b784-421d-aa2e-11733683c51a,Place d'Italie
1840,89955209-9e05-4936-b935-ce002b119ffd,M7,Tolbiac,"48,82642601","2,357245651",f3bae922-b7e6-4838-92d9-9bf1ce0aae72,Tolbiac
1850,0b14e413-a0b1-45fb-8170-a7d50d4b6461,M7,Maison Blanche,"48,82243783","2,358473884",5cc1923b-81c4-49e8-874d-3d2521ae2947,Maison Blanche
1860,07372633-832e-4c75-902b-975bae2c2dd2,M7,Porte d'Italie,"48,81922335","2,359705217",844dbd7e-5985-46b9-860b-641be9c1916f,Porte d'Italie
1870,31d6de51-e073-48f9-a9c5-59ad322019ff,M7,Porte de Choisy,"48,81987622","2,364531952",11bd36de-8644-4651-97ed-bd6065fe7f72,Porte de Choisy
1880,b010b770-f802-4990-98c1-884401bee0e8,M7,Porte d'Ivry,"48,82135578","2,369290587",b7ae70c2-2c78-4f51-a1dd-2b3582b63876,Porte d'Ivry
1890,6ace4581-1c73-425d-81ce-b2dceae26a91,M7,Pierre et Marie Curie,"48,81593076","2,3772672",456d50ba-7a55-44bb-a8cf-aa7f8f0c51a4,Pierre et Marie Curie
1900,6b79ba58-9fc2-462c-9bec-dd6a77fbd72a,M7,Mairie d'Ivry,"48,8110992","2,38355148",db8c9bed-a852-470b-bf8f-ed5056af1100,Mairie d'Ivry
1910,a7378aa1-6fea-4a6d-bfb6-75e379e66bf2,M7,Le Kremlin - Bicêtre,"48,81012996","2,362263387",c4dd6e11-b032-4b95-9d23-463e23c315b6,Le Kremlin - Bicêtre
1920,5749252d-700f-4976-bf15-754b7909451c,M7,Villejuif - Léo Lagrange,"48,80468812","2,363953197",47766b55-0051-413b-beb8-fbcc3bd6689e,Villejuif - Léo Lagrange
1930,1532119f-7f5e-423c-a2f7-db0e6b4e8e4c,M7,Villejuif - Paul Vaillant-Couturier,"48,79648308","2,368269541",e6292583-cd21-4e67-bdd1-c64dee75f058,Villejuif - Paul Vaillant-Couturier
1940,c70516f4-ea24-4cd6-8270-293358f1350b,M7,Villejuif - Louis Aragon,"48,78756279","2,367804107",8602911d-9ba9-4653-808e-3442d844f43d,Villejuif - Louis Aragon
1950,e7bab5a6-d571-4233-8abb-568b0a0df76b,M7BIS,Louis Blanc,"48,88140473","2,365218782",2395e650-458d-4727-b33a-12d773822eaa,Louis Blanc
1960,132489eb-4061-402f-9ba5-50755201633c,M7BIS,Jaurès,"48,88246525","2,370157962",f4e0c9ed-7be8-4f8e-a63c-6408f58d7c9c,Jaurès
1970,f2854df6-abe0-49f1-bccf-43596611bae5,M7BIS,Bolivar,"48,88082126","2,374147154",5a90c979-1f7c-4b74-a093-13385eb4e0d6,Bolivar
1980,bd60d06b-6e24-4bc6-a61d-7cb42140cfb9,M7BIS,Buttes Chaumont,"48,87851411","2,381614512",b2fb83b5-0d87-431e-970c-2037d9cadd0c,Buttes Chaumont
1990,4bbb64d2-55cb-4576-b70c-3777b789dd03,M7BIS,Botzaris,"48,87948177","2,389115807",5bfbf1d6-2873-49b7-adbd-e42a0d119bca,Botzaris
2000,5cbb007d-8b80-4788-999d-d285d54ba325,M7BIS,Danube,"48,881932","2,393445456",0673bd70-a2aa-4a79-95f6-4bf6b8ed5c4a,Danube
2010,b0159fb7-cc52-43e7-92e9-c4b3d21f2b92,M7BIS,Place des Fêtes,"48,87694985","2,392983965",dbac775f-e23f-40c2-a105-6315ea2d00d9,Place des Fêtes
2020,98f2d262-eeea-4515-808a-db431fa208bc,M7BIS,Pré Saint-Gervais,"48,87999579","2,398946662",4d4a1d68-a271-47dc-b1cb-66868346d399,Pré Saint-Gervais
2030,0a5ea39e-e669-4770-be27-651690edd9d9,M8,Balard,"48,83593088","2,278161671",084d7b96-aee1-45d4-824c-26a4447f4d0f,Balard
2040,f5335d21-d7ad-4ab9-bc63-86d5cbb0e474,M8,Lourmet,"48,83896094","2,282700027",cb4590f4-47ba-4c28-aa55-9e23822386b1,Lourmet
2050,98eb1899-bebf-4241-800b-2d3574733c8a,M8,Bousicaut,"48,84109406","2,287945767",19ae5eba-09c0-4d8b-9d0a-83cec2dfc3e5,Bousicaut
2060,7b4d56f3-471d-40c9-bed7-52f6eba01b6c,M8,Félix Faure,"48,84274678","2,291912413",fbf0d693-ca29-4524-a864-6f9f69972d7e,Félix Faure
2070,ce409036-a084-4365-8f0a-b0cb0520d077,M8,Commerce,"48,84479476","2,293951964",37cd4019-99ea-4c8c-a796-91f2bcc13ec3,Commerce
2080,418bdc65-4b7d-443f-a024-1200bc1b5557,M8,La Motte-Piquet - Grenelle,"48,84935055","2,298301402",4bb04ac0-40a8-4cb5-966c-fd072595e981,La Motte-Piquet - Grenelle
2090,605879b3-3e75-486a-8d99-7e6a6614809b,M8,Ecole Militaire,"48,85468216","2,306097404",9cd96ac5-d849-470e-8a54-f473f0de2ad1,Ecole Militaire
2100,d2b3b690-3816-4b8c-aa62-24917648d62d,M8,La Tour-Maubourg,"48,85772541","2,310565961",d5eeacf8-cc06-4492-be0e-db0adfadcbf1,La Tour-Maubourg
2110,d522db49-61de-402c-a168-0f16bfcf8e8f,M8,Invalides,"48,86232533","2,315138432",49d8f010-0255-4cfb-a48d-aa88ee3922da,Invalides
2120,39cd89b6-2ed3-4ef5-ac7c-e5903f131c96,M8,Concorde,"48,86681837","2,322082849",d8ab1e1d-daa3-453b-a05c-4c733c403678,Concorde
2130,ea285362-8547-46d3-9477-931b470d0f79,M8,Madeleine,"48,86963317","2,326272274",550ef054-29ed-4af2-a476-1bddc22b4bc0,Madeleine
2140,6f37ba26-77e1-4105-8840-a3ca42c98c1e,M8,Opéra,"48,87064173","2,3321386",8882ebb5-cd45-4230-90a5-9a1a13bc6d6c,Opéra
2150,9935d16b-398e-4b71-81eb-c2fadd07a4ab,M8,Richelieu - Drouot,"48,8717866","2,339030547",6739b658-cc09-43af-9bfa-50090e051224,Richelieu - Drouot
2160,d87b4a39-5067-4466-8765-23a177d692e5,M8,Grands Boulevards,"48,87149774","2,343154773",77bb2f08-571a-4258-bdca-b8e40f67010e,Grands Boulevards
2170,bea4f9bd-c26b-47cf-b37d-b373220a32a4,M8,Bonne Nouvelle,"48,8701642","2,350497972",bd277e57-deb6-416a-918e-5275087cf6f5,Bonne Nouvelle
2180,6014b488-6855-4d24-9291-e4a40fe4cde0,M8,Strasbourg - Saint-Denis,"48,86922417","2,354603791",8824ea5a-df02-4bdb-9a96-c0ea90f6a778,Strasbourg - Saint-Denis
2190,b15b689a-f391-4a2c-8727-0073778518ed,M8,République,"48,86715873","2,363957837",26facafd-46f7-41a1-818b-c8637f3621cb,République
2200,7006e1f8-4bc7-4f7c-9b72-1be9c3ebc47e,M8,Filles du Calvaire,"48,86325795","2,366661095",1cc3492d-db77-4549-b442-a69d4ad69b91,Filles du Calvaire
2210,c3c94791-c81d-4bd0-aed8-dd858c1947ca,M8,Saint-Sébastien - Froissart,"48,86116887","2,367210866",d2bd5130-871a-440a-b1f9-8719e74494dc,Saint-Sébastien - Froissart
2220,0501d5fd-3876-4734-811c-81cfecf5be13,M8,Chemin Vert,"48,85742004","2,368108291",734670d2-fd22-4cb6-9712-51b3de798d46,Chemin Vert
2230,453339c2-ccb9-482b-92aa-03e6b29e613d,M8,Bastille,"48,85343943","2,36951357",81c478ad-c332-4b4a-b1a6-11fc7c4c5c7f,Bastille
2240,72d5c10b-eef1-4d6b-8764-568a4dfe57fe,M8,Ledru-Rollin,"48,85127113","2,376118773",d121e742-1ae6-4856-942e-2cd516759451,Ledru-Rollin
2250,169febff-1b63-44eb-978f-400f67d02125,M8,Faidherbe - Chaligny,"48,85017786","2,38409221",bc1615a7-0635-42a7-91ef-d644e4d079fe,Faidherbe - Chaligny
2260,7645c3cc-86f7-4312-ba31-a2ebe9038ee3,M8,Reuilly - Diderot,"48,84712872","2,387025242",6a2550e7-f200-4ad3-a0ff-b53966c8cfaa,Reuilly - Diderot
2270,92f7d062-8188-48c2-a14b-e3472522efc1,M8,Montgallet,"48,84440867","2,390075113",2284b646-270c-45db-b553-b45ca698220b,Montgallet
2280,e35c326a-0b77-4b12-9da6-79789ce2a5c4,M8,Dausmenil,"48,83944543","2,396182886",25f63acc-fcc6-4220-9597-14116b4ec945,Dausmenil
2290,08910f40-ddb5-40a7-884c-a2c9c7070054,M8,Michel Bizot,"48,83711701","2,402333166",1a30c9a4-52a1-47fb-8bee-32b53f7c6465,Michel Bizot
2300,a036f675-ab4d-4096-bfa2-de5c78d9e4f7,M8,Porte Dorée,"48,83478516","2,405383211",27073c1b-e609-4440-b1f5-c4fff169a8a2,Porte Dorée
2310,a809871f-e266-43c2-baf3-133b134805f3,M8,Porte de Charenton,"48,83316293","2,401448054",3787caac-9519-45b0-96d6-65f1f1c3c6cb,Porte de Charenton
2320,76ce7521-778e-4a8c-b8ac-38c7d2bef55d,M8,Liberté,"48,826055","2,406742226",1273cabc-a33f-4abd-969e-d829aa381e71,Liberté
2330,b20e640f-c2e3-4ed8-9a06-6aef2dfca451,M8,Charenton - Ecoles,"48,82159577","2,413737518",95f1b6dc-6458-4ba0-ab14-977459744ba5,Charenton - Ecoles
2340,594e152f-840b-454b-a5de-ebc570d55d06,M8,Ecole Vétérinaire de Maison-Alfort,"48,81480301","2,422376143",30d718a8-1330-4cb1-8932-56b42dedab78,Ecole Vétérinaire de Maison-Alfort
2350,a167312b-b88b-47a3-8f6f-925b3a70d6a7,M8,Maison-Alfort - Stade,"48,80914436","2,434509896",8ae18eda-54bc-4db3-a96d-d18e13f14937,Maison-Alfort - Stade
2360,19584eb2-62ad-4fe3-bac1-22af2eb5a679,M8,Maison-Alfort - Les Juilliotes,"48,80263769","2,446927484",b531da7e-2067-49c0-a514-a25999a62c81,Maison-Alfort - Les Juilliotes
2370,fed166b5-d6b1-44bd-9e24-1d23da0e12a5,M8,Créteil - L'Echat,"48,79674077","2,449433176",345dabd3-7df4-4d67-b8d4-d3f6056ca32b,Créteil - L'Echat
2380,4d5c04fa-e4c0-4163-b408-8c4230a32d5a,M8,Créteil - Université,"48,78997831","2,450453178",a631e016-9739-4034-ae7d-e36b2827591b,Créteil - Université
2390,8ce7ebbc-6abe-4f49-a278-702a0443370c,M8,Créteil - Préfecture,"48,77990532","2,459368396",64e50fdd-3261-43d5-a0cc-502013aac5a1,Créteil - Préfecture
2400,a3093a0a-b2c1-4bbf-9aed-295215cbf8f2,M8,Pointe du Lac,"48,76871513","2,464564993",1c06b794-1505-414b-8b1d-58d9ce5afde9,Pointe du Lac
2410,97b91d0e-3882-41d3-bdbb-ce8cb50144f0,M9,Pont de Sèvres,"48,82967484","2,230799591",043e5cf7-5cb5-4596-b408-11a854a8e2a2,Pont de Sèvres
2420,13c41adc-2502-4b2f-b7bd-d76360664528,M9,Billancourt,"48,83211056","2,238639349",1c33bb89-a11b-423e-a580-65fd1e5a07d7,Billancourt
2430,1feb8620-6d9d-4cc2-bef7-79a24eff8bfc,M9,Marcel Sambat,"48,83370885","2,243840592",d50c44ba-5e3a-44ef-9ffe-2cd8e3c1b43d,Marcel Sambat
2440,a19bb1ed-5164-4a3e-82e2-8736b844d6b6,M9,Porte de Saint-Cloud,"48,83796121","2,25712223",e650a123-8de5-453f-a38c-5b6b2f605332,Porte de Saint-Cloud
2450,94d12ccc-31a5-4da4-9ed4-44da0588947a,M9,Exelmans,"48,8429387","2,260032902",244f535e-d263-48ce-b818-0dd316f89d27,Exelmans
2460,f3aab47b-024e-4644-b9dd-058a089c2a76,M9,Michel-Ange - Molitor,"48,84505817","2,261745125",78121fea-337d-4bfe-930f-21bba6ae545a,Michel-Ange - Molitor
2470,a95f7f34-baa5-49a5-96e4-7dd6b16aaa8b,M9,Michel-Ange - Auteil,"48,84789565","2,264082031",37dbb99b-4293-4958-8650-66a7ef93a158,Michel-Ange - Auteil
2480,3239b99f-00a4-4ecb-8722-702ad5470a2f,M9,Jasmin,"48,85250409","2,268176749",3bc424b4-959b-4297-a420-848378953d47,Jasmin
2490,cd9992f4-dfd1-46f3-aaad-28c9c54f0ed3,M9,Ranelagh,"48,85548505","2,270109139",279e3299-f202-4112-bd65-b701dfeb1e4a,Ranelagh
2500,62182295-a2c2-4829-bd4b-ad7d28fa8398,M9,La Muette,"48,85804606","2,274154631",9a3a09a9-67b3-4e54-9d69-02189c378275,La Muette
2510,7a08b690-4780-4b6d-b7ef-6f44ee94ed9a,M9,Rue de la Pompe,"48,86397445","2,278112558",f06dc35b-49c2-4162-8f3e-d57ef8dbeb48,Rue de la Pompe
2520,00419aee-1c76-4f1e-bda0-e0e3eac65898,M9,Trocadéro,"48,86306502","2,286243171",15df26f3-5949-4632-9acf-f11144b5eaa1,Trocadéro
2530,ae753c7a-8e67-409a-97fc-0a2ab4a66b63,M9,Iéna,"48,86479407","2,294162018",298d44c4-01e8-4c2f-9130-18274cd927d9,Iéna
2540,ef8e5821-f769-443a-a146-345e709cf109,M9,Alma - Marceau,"48,86476685","2,300991004",068a4121-34fd-4d34-8e0a-36ae7f16504c,Alma - Marceau
2550,833f96c2-0da1-47b2-a6f6-9c1e50dcc47d,M9,Franklin D. Roosevelt,"48,86869985","2,309505157",5f6a4a7b-09e9-421b-a9f2-2a4d533298ef,Franklin D. Roosevelt
2560,e841c0c0-7b2a-4da9-9779-06f0c99a7b07,M9,Saint-Philippe-du-Roule,"48,87242238","2,310038345",930b7a20-4d79-4c97-974a-bae13a2e566f,Saint-Philippe-du-Roule
2570,47bf9b32-5909-4fd3-9608-5ee76110a305,M9,Miromesnil,"48,87370953","2,314606322",1da69ab3-c28f-4cad-b865-93f8d787d69b,Miromesnil
2580,9acb92c2-faac-4d7d-a10d-2c54b3cf3cc9,M9,Havre - Caumartin,"48,87371341","2,32769541",c44f00b0-9da4-4ff9-9faf-f3cf4617a0e4,Havre - Caumartin
2590,63537095-223a-42b6-8a26-1e2ad70aa283,M9,Saint-Augustin,"48,87455838","2,321361928",3e80d9c0-9209-400b-ab99-a86857eccb2c,Saint-Augustin
2600,ec6e5c91-fccf-4c94-a5fc-5f5f25d8594d,M9,Chaussée d'Antin - La Fayette,"48,87293766","2,333479132",c206a8ad-5f20-49c5-a0c6-81c881f7b386,Chaussée d'Antin - La Fayette
2610,80c2301d-e86a-4d08-8a3e-a74718dd76bb,M9,Richelieu - Drouot,"48,87215235","2,339115039",6739b658-cc09-43af-9bfa-50090e051224,Richelieu - Drouot
2620,98957eff-0f88-46ef-b5a9-da35963b9b82,M9,Grands Boulevards,"48,87149774","2,343154773",77bb2f08-571a-4258-bdca-b8e40f67010e,Grands Boulevards
2630,65ebc1f8-2355-4dbd-997d-5c060dcb3773,M9,Bonne Nouvelle,"48,8701642","2,350497972",bd277e57-deb6-416a-918e-5275087cf6f5,Bonne Nouvelle
2640,e7e5d05f-8f22-433a-8219-791a337d4bef,M9,Strasbourg - Saint-Denis,"48,86922417","2,354603791",8824ea5a-df02-4bdb-9a96-c0ea90f6a778,Strasbourg - Saint-Denis
2650,1616e4eb-50f4-4073-b7c4-ddf714264278,M9,République,"48,86711164","2,364234946",26facafd-46f7-41a1-818b-c8637f3621cb,République
2660,62e62d2c-89c1-4d2a-b35f-da04b9e79a2c,M9,Oberkampf,"48,86472762","2,368496387",35718678-12aa-4ebb-b132-75b8953d96e2,Oberkampf
2670,fdb60f78-1eac-43e7-a8b0-5cd6845e3843,M9,Saint-Ambroise,"48,86101926","2,374733431",4700d9d9-e35d-469a-9e7b-b520a8a62319,Saint-Ambroise
2680,a1e61df2-3e6e-4ad7-b4e2-583a7c0e77f6,M9,Voltaire,"48,85745372","2,380718786",59656cdb-8a7a-4413-a494-53cbaae37299,Voltaire
2690,44ab4ba5-6853-430e-8431-e13df403753a,M9,Charonne,"48,8545805","2,385563481",06c47076-bfef-4809-b0bd-a987a1c4d0db,Charonne
2700,0848372f-263b-4116-9575-b66a8eeb6ec3,M9,Rue des Boules,"48,85231543","2,389378128",bc2212b5-0a78-4592-8b8d-2143102233c6,Rue des Boules
2710,68cf43b0-06f8-4a86-a6fd-2bdaffc8f49f,M9,Nation,"48,84894465","2,395879435",a55f8a4c-be4d-4e2d-9df2-45dcd97bee1c,Nation
2720,6df8b304-fd48-45d0-9b4f-1ea7f1987c3c,M9,Buzenval,"48,85181213","2,401022271",3c9956f6-98a9-44b3-8771-e4efe1b2e19c,Buzenval
2730,b89c5ac6-45be-483f-99be-bfb9fa5f5bce,M9,Maraîchers,"48,85272512","2,406089162",f8ad7306-343f-436c-bafa-08df2965b41e,Maraîchers
2740,b19203ad-f4b6-42fd-84fb-f26468121b72,M9,Porte de Montreuil,"48,85354392","2,410626426",4ca500d7-8136-48af-9d58-5b25eceb528b,Porte de Montreuil
2750,c5cb5cd6-902b-4a9d-a059-18d679aa9f7f,M9,Robespierre,"48,85572643","2,422983216",1b9bdfcd-906e-462d-aadf-beacc5271eb3,Robespierre
2760,28fe3626-46ca-4281-a3f9-d72de91f8be6,M9,Croix de Chavaux,"48,85796559","2,435555716",9e4e8664-08f3-4804-a4e6-e79011393787,Croix de Chavaux
2770,b91afbc5-7932-45ce-8662-1a47faaacbab,M9,Mairie de Montreuil,"48,86193691","2,441310941",f39b9d72-8949-42fb-aba2-dc972718aff0,Mairie de Montreuil
2780,63544981-bb7c-4209-bea7-102072fedbc2,M10,Boulogne - Pont de Saint-Cloud,"48,84074502","2,228536982",fe2d66c3-fd51-4bfc-a46d-f52403c7b442,Boulogne - Pont de Saint-Cloud
2790,50e043bb-43cd-41a3-927c-2fb4b82bf83d,M10,Boulogne - Jean Jaurès,"48,84200535","2,238887326",f8cf2711-f11c-4eba-b162-51e3d8cfd426,Boulogne - Jean Jaurès
2800,aed0b90e-658e-4f41-8daf-163dd961de57,M10,Porte d'Auteil,"48,84797154","2,25774468",d425ee64-5d38-4281-939e-74ecad3ee5d3,Porte d'Auteil
2810,b88c58c3-b9ad-4f01-a810-403dfdcff170,M10,Michel-Ange - Auteil,"48,84793481","2,264218777",37dbb99b-4293-4958-8650-66a7ef93a158,Michel-Ange - Auteil
2820,50d08b2a-2260-4b57-9999-de955b44c36c,M10,Eglise d'Auteil,"48,84715006","2,269135873",282029e9-6cea-4402-8a49-cbaf4de2a212,Eglise d'Auteil
2830,3ab35ee9-604d-4eac-a941-29c2c867f53d,M10,Michel-Ange - Molitor,"48,84524757","2,261623492",78121fea-337d-4bfe-930f-21bba6ae545a,Michel-Ange - Molitor
2840,6366dff0-b4a0-4ba3-8124-6f38ec415484,M10,Chardon Lagache,"48,8452047","2,266441543",c560b0aa-f4be-46fe-b6b1-8a5cd803d961,Chardon Lagache
2850,7d3a8da5-cd04-43b4-9031-f96af785a084,M10,Mirabeau,"48,84713101","2,272763753",a7953610-957e-4c2d-92b9-886f1a5aee54,Mirabeau
2860,9100a9b6-a5d0-4b72-a1de-76015ffd541e,M10,Javel - André Citroën,"48,84612367","2,27771174",a38605a3-6982-416d-94f9-94b6eb15e682,Javel - André Citroën
2870,31491e7d-de5f-486d-8cb2-538c20c78908,M10,Charles Michels,"48,84653464","2,285999223",c5131e02-f65c-46b6-ab4d-2535de15d046,Charles Michels
2880,b6a9f9f6-aae2-4aa6-90b2-d1480f268655,M10,Avenue Emise-Zola,"48,84701958","2,295420478",34f8e6d9-f99b-43a1-9b92-075d3270d346,Avenue Emise-Zola
2890,738f1322-411b-4cf5-a367-1ba41f472b1f,M10,La Motte-Piquet - Grenelle,"48,84935055","2,298301402",4bb04ac0-40a8-4cb5-966c-fd072595e981,La Motte-Piquet - Grenelle
2900,40f7c26a-32f5-4347-b52f-e2590c5309c0,M10,Ségur,"48,84706613","2,307402241",e657dd88-1ec5-493b-aa47-3a688e9aeeff,Ségur
2910,e7a1d7d5-cc67-4779-8966-6459923b20ab,M10,Duroc,"48,84698911","2,317005236",7911c59c-f138-42d4-b6e8-ce94125fcfa0,Duroc
2920,dd85eee2-fac8-4e34-b28b-675745f03dcf,M10,Vaneau,"48,84881637","2,321257863",55642301-aa65-44cf-b891-ecf83459d01c,Vaneau
2930,7dd56423-1d0e-48be-a157-d20a8a363f73,M10,Sèvres - Babylone,"48,85119235","2,326488474",34c462d4-06ca-4900-9203-605635a13cb5,Sèvres - Babylone
2940,00c3130b-1af0-4ee8-a111-913dba77c1a0,M10,Mabillon,"48,85301677","2,335502053",99748b85-5f83-405b-a61b-362d6ef1ab94,Mabillon
2950,02040ce7-ca49-4639-8f91-54f65df79ee7,M10,Odéon,"48,85216726","2,339646336",c86e6d93-5458-481b-a9b2-f9a0bfb96237,Odéon
2960,0ac00d16-b248-455d-b8b7-ca38205c13c8,M10,Cluny - La Sorbonne,"48,85105028","2,344273345",9115cad3-9b34-4954-98e3-4aef45f956f7,Cluny - La Sorbonne
2970,210f6272-d028-4394-9f3b-151ceca81043,M10,Maubert - Mutualité,"48,85012732","2,34805429",764f1b36-a0f2-4bfb-b8ee-cbd7c295ad06,Maubert - Mutualité
2980,496acafa-f128-499e-9df6-de4721da1c2b,M10,Cardinal Lemoine,"48,84665685","2,351623256",5366c123-ff2c-4249-9436-f4982fca8c6a,Cardinal Lemoine
2990,3b879b61-66f0-458a-b736-cd6fe06b58a5,M10,Jussieu,"48,84615112","2,354917984",699e4355-395c-45f0-ae04-2fa6feaacd0f,Jussieu
3000,6429e188-69bb-4dc7-8b46-c704e72841b1,M10,Gare d'Austerlitz,"48,8424368","2,365184812",c3b5d646-e058-4fa8-a64a-234c5397c87b,Gare d'Austerlitz
3010,dbdbbb8b-724e-4cb7-af3f-a8d4094d0b87,M11,Châtelet,"48,85755636","2,348308895",dd0d7a96-b6d1-48d8-8ef7-1130cc8004ac,Châtelet
3020,51b86454-e062-49fc-b7f8-784b20e66b71,M11,Hôtel de ville,"48,85745183","2,351008461",151928ac-1eaf-4df1-a7d7-2d51db2d52d3,Hôtel de ville
3030,f75c89cf-60d4-49d0-9c7f-746a897b8ff1,M11,Rambuteau,"48,86120499","2,35349574",e0d2cefa-53af-4c04-8451-1115cec383fe,Rambuteau
3040,67a9e5c5-145f-4912-9520-ba5b689b7785,M11,Arts et Métiers,"48,86532271","2,356729869",966d9651-e9bf-4592-9cc5-2397c284cbf5,Arts et Métiers
3050,f1ad70bd-5d00-43df-8f2f-d403a99954e8,M11,République,"48,86750342","2,363826144",26facafd-46f7-41a1-818b-c8637f3621cb,République
3060,4210c802-0926-44df-a4a3-150a0081b1aa,M11,Goncourt,"48,86995751","2,37109484",2fb09b42-d055-46c7-8465-a49b629c9915,Goncourt
3070,0781e432-ee8b-4a7d-805d-6402004e8a85,M11,Belleville,"48,87184879","2,376593683",274264b6-484f-43a8-96a4-53a62053be5c,Belleville
3080,ae3b3a1f-8fc7-490e-b87e-04e0ee595633,M11,Pyrénées,"48,87388185","2,385316215",f6178344-e8a7-42c8-9b26-90f58049c7d2,Pyrénées
3090,d86f7504-b630-4e13-91bc-a4396bb40a01,M11,Jourdain,"48,87511182","2,389415032",60dc759f-7763-4a97-93d5-11452bb59fda,Jourdain
3100,f327c7c3-fd0f-498d-9955-fc5767c24166,M11,Place des Fêtes,"48,87680639","2,393056093",dbac775f-e23f-40c2-a105-6315ea2d00d9,Place des Fêtes
3110,67d64876-9e73-4261-a091-9498c168fa6b,M11,Télégraphe,"48,87547446","2,398867594",b1c4e886-97be-4713-b913-ff8d8d7e975c,Télégraphe
3120,2f7ffcbd-6ec8-47c7-951c-6e03298a828c,M11,Porte des Lilas,"48,87717482","2,406480157",22152b62-1a80-45c3-8a22-e22ad6e860cb,Porte des Lilas
3130,f919412c-bc73-4a31-af28-dcf96fdf5de3,M11,Mairie des Lilas,"48,87976125","2,416479644",dc8907d7-3e95-4018-984f-32150dc5c347,Mairie des Lilas
3140,23d4d43e-f60c-4a5c-9adb-45b88cba4c61,M12,Front Populaire,"48,90656715","2,365920319",dcdcea1c-72ac-43ce-a23a-954a979b2b8f,Front Populaire
3150,29203577-26e0-4c0f-8968-e590c17c8c56,M12,Porte de la Chapelle,"48,89724529","2,359507869",e42b3d7b-efba-4595-9b68-01a2950981dd,Porte de la Chapelle
3160,a9f5921b-636b-4aae-a36e-aaee08d66ae6,M12,Marx Dormoy,"48,89048545","2,359995766",76c96bf8-2666-49c9-bbd8-611ba667b94c,Marx Dormoy
3170,e8a7c66f-1db1-41fc-97a0-519752af401e,M12,Marcadet - Poissonniers,"48,891465","2,349815452",fdb84143-8295-4a07-b84e-24c8bda69c95,Marcadet - Poissonniers
3180,f37a9c7c-c379-4820-97ef-c39c0d28d64c,M12,Jules Joffrin,"48,89243959","2,344657004",76dfe361-9938-4f74-96f5-4c61964a5d29,Jules Joffrin
3190,b6292394-33ed-4d42-99af-fc759816f47c,M12,Lamarck - Caulaincourt,"48,88967407","2,338760649",4bb83bbe-a107-4b6e-9730-2287d7d48145,Lamarck - Caulaincourt
3200,7f8d6d80-c775-4d3e-8b40-968297a53ed8,M12,Abbesses,"48,88459421","2,337949777",4829d4a8-1b12-4572-a93f-ae0826655a7f,Abbesses
3210,8290b734-bb90-4c7a-9c3a-9926a5e25ff3,M12,Pigalle,"48,88251939","2,337081683",0dd99be2-21d0-4197-afba-b5435292e894,Pigalle
3220,6b0bd413-e2b1-444b-b1c9-419640459c9b,M12,Saint-Georges,"48,87842526","2,337595083",a125af5e-a3db-450d-b88a-cf88b5f29a3a,Saint-Georges
3230,b4178126-b9be-48a5-9da9-4995be3d924e,M12,Notre-Dame-de-Lorette,"48,87602621","2,337886489",0c7a732b-ed0a-44af-9e75-75f95d918c98,Notre-Dame-de-Lorette
3240,8a09c6fb-8dfd-4029-9c54-3dbd1de1dbe3,M12,Trinité - d'Estienne d'Orves,"48,87631796","2,332543027",f804687f-e354-4a68-bccc-409af5f384d2,Trinité - d'Estienne d'Orves
3250,c74b2c33-d410-4540-aa4b-6dca528df34b,M12,Saint-Lazare,"48,87545377","2,3267852",789fda31-3484-49ef-b05d-36ba7f9ed1ce,Saint-Lazare
3260,ad8f3b37-7952-4a80-8c25-4f4a98604018,M12,Madeleine,"48,87009973","2,32516411",550ef054-29ed-4af2-a476-1bddc22b4bc0,Madeleine
3270,52b3674d-e0dd-4997-ac4d-149e2874e0f9,M12,Concorde,"48,86616711","2,323175681",d8ab1e1d-daa3-453b-a05c-4c733c403678,Concorde
3280,c9d4c0ba-ec0c-4707-9efe-06b988e4c967,M12,Assemblée nationale,"48,86078696","2,320998192",c26d5c1f-fdd1-489d-b9d5-6cd82867412d,Assemblée nationale
3290,c21253f0-3656-4e03-8a6f-d881b4602cf6,M12,Solférino,"48,85851113","2,323154856",fe3d01b1-3c24-42f6-8355-f10feb1fbc44,Solférino
3300,d68d0af9-d830-4d79-966b-ff20ed103c5c,M12,Rue du Bac,"48,85555094","2,325712422",a8d66dbe-98e1-4fb6-9e68-17d8f8f7106c,Rue du Bac
3310,34e3b10f-a0b2-47fb-859f-726999a23ea2,M12,Sèvres - Babylone,"48,85176205","2,326822569",34c462d4-06ca-4900-9203-605635a13cb5,Sèvres - Babylone
3320,e8c03204-0343-4fc5-ad3f-c45cbf5ce11b,M12,Rennes,"48,84845785","2,327782127",b725f359-6e6d-4ba5-b0a8-7b2e2cc8e21a,Rennes
3330,749f5b88-6fa2-4965-85ca-685b45f66e25,M12,Notre-Dame-des-Champs,"48,84494263","2,328778027",d9f75c16-b183-47ff-80d3-36807e083963,Notre-Dame-des-Champs
3340,56f37902-496a-4972-8020-d9013b6b1a63,M12,Montparnasse - Bienvenüe,"48,84373549","2,324353041",ffefd491-6fd0-4c1e-b15c-277cc921789d,Montparnasse - Bienvenüe
3350,2b37d9be-e1e2-433b-a78f-eea8f1e01ffd,M12,Falguière,"48,84447014","2,317852783",16d78575-6e03-4475-979e-cb795afcea2f,Falguière
3360,7f4eee61-63d3-4585-bec2-9f50d878c46f,M12,Pasteur,"48,84287128","2,312447513",b75e6a8c-05ad-44cd-8dd1-896ebb4cae67,Pasteur
3370,66ae66fd-d41c-445b-b949-446c507ab783,M12,Volontaires,"48,84150552","2,307948679",3d7eaaa1-1442-40a2-8f86-5ba2d5ef804d,Volontaires
3380,b6c6c012-4d4a-442e-8229-1e085610d1ce,M12,Vaugirard,"48,83951659","2,301107515",e356e320-63ff-4bf1-9525-8103946011ac,Vaugirard
3390,b8eb7c7e-f1a0-4cc2-a9c2-4e645968d298,M12,Convention,"48,83730749","2,296630343",d5cc53de-634f-491c-868d-19511bc23ad8,Convention
3400,a1d0c8bf-3d74-4bd4-8353-4908580d1d91,M12,Porte de Versailles,"48,8324491","2,288022141",eb3b36c9-bcdc-4eb1-af6e-fe8c3eae828b,Porte de Versailles
3410,6b32d616-b653-4c28-8e36-87c8a5541940,M12,Corentin Celton,"48,82708545","2,279411682",4bf1db48-6210-460b-b8a1-2d33f2d52e95,Corentin Celton
3420,fc879346-c702-422d-9ca0-d525a85dbc1c,M12,Mairie d'Issy,"48,82410503","2,273041525",50070b13-db3c-49a9-adbb-5c7c75e49276,Mairie d'Issy
3430,f6c0832c-5a37-47de-9809-664a8c4a3cb6,M13,Saint-Denis Université,"48,94584566","2,364541763",b997b967-779f-4aa0-86ad-65b9f6da2881,Saint-Denis Université
3440,1a8b84ed-371b-439e-a7b7-72c6a064d3c6,M13,Basilique de Saint-Denis,"48,93652685","2,359398261",4efdcc70-a076-4cd2-aaa2-1fb387e7cfb4,Basilique de Saint-Denis
3450,0b2dac6d-bb06-407a-815d-5b8b3d54e846,M13,Saint-Denis - Porte de Paris,"48,92993589","2,356035794",c519c42e-bf65-45c1-a010-dc985458a951,Saint-Denis - Porte de Paris
3460,03581468-f245-49d3-8681-cc1c5df8d34b,M13,Carrefour Pleyel,"48,91957307","2,343305931",85d4ee53-2920-419c-9cb4-0cf443d81c91,Carrefour Pleyel
3470,e91dc804-2da0-40ce-aea7-1f64f40ca129,M13,Mairie de Saint-Ouen,"48,9119649","2,33392489",0f7c5a20-51b8-4abb-9cc1-65ec8736c6b7,Mairie de Saint-Ouen
3480,b03a3253-ea80-4ff6-9e63-d7d526bfa194,M13,Garibaldi,"48,90609405","2,331830838",e2fbafe5-2690-4444-861b-75f7df99c3ce,Garibaldi
3490,7e5a1dd4-9b90-4989-b44a-6b35f8a13f14,M13,Porte de Saint-Ouen,"48,8973748","2,328942813",5378a459-1117-4f70-a0d7-09cc16c73f90,Porte de Saint-Ouen
3500,6874ad8d-3d67-423b-b872-fd0093484c73,M13,Guy Môquet,"48,89282885","2,327428459",f1d018ed-d96c-4c45-874a-8037c0176e9a,Guy Môquet
3510,d6fdebfd-2ec5-4ee9-b778-6416efbb82fd,M13,Asnières Gennevilliers - Les Courtilles,"48,930757","2,284174448",2d4bf14a-c2a6-4057-8953-d480eb9fdad6,Asnières Gennevilliers - Les Courtilles
3520,046264bd-c840-4781-9a32-7b112b97e34d,M13,Les Agnettes,"48,92310378","2,286279578",dfd690bc-cfd3-46c9-9133-769759a07b17,Les Agnettes
3530,4c1e833f-c363-4d65-a2b5-811c652f0fef,M13,Gabriel Péri,"48,91638231","2,294685112",1f3f46df-4ed4-4b79-b6b4-8b3d7f806306,Gabriel Péri
3540,64f589f5-2b5a-4d91-ac43-68ca31730a14,M13,Mairie de Clichy,"48,90333009","2,30592415",6d77ab86-b025-44cf-b5c4-21c0e47b586d,Mairie de Clichy
3550,57094566-b93a-457e-b065-5a0ecb8604d6,M13,Porte de Clichy,"48,89425226","2,313772159",f976a4c5-a321-47cb-81f2-f188227193a9,Porte de Clichy
3560,50af193c-1baa-4b7b-a7f1-c846edf34f88,M13,Brochant,"48,89058719","2,320174756",876500f5-5459-4ff4-8f6b-a4d84cb8aea0,Brochant
3570,bb95460c-169a-4af7-915c-ca9ee0d5077f,M13,La Fourche,"48,88718395","2,325779675",e887df32-3be5-40eb-9dda-b449577f6423,La Fourche
3580,ce294054-6da6-4c65-9bff-ba634799d39c,M13,Place de Clichy,"48,88380453","2,327243412",e49ffd46-998f-4111-8512-e85a0ba98f11,Place de Clichy
3590,0af924e5-a348-452d-b952-42cceda89966,M13,Liège,"48,87963476","2,327022201",0ceaec57-079e-4269-ab2e-f11eeacbe87c,Liège
3600,0538c6d9-110e-4e78-95ea-c54f47c25e1d,M13,Saint-Lazare,"48,87535496","2,324818285",789fda31-3484-49ef-b05d-36ba7f9ed1ce,Saint-Lazare
3610,463ebbb5-4290-48dc-b2c9-333c4f007b62,M13,Miromesnil,"48,87376999","2,314456036",1da69ab3-c28f-4cad-b865-93f8d787d69b,Miromesnil
3620,891ef774-ed18-49c2-813e-624a98ea2dc1,M13,Champs-Elysées - Clémenceau,"48,86760215","2,313894129",fed8eabb-da75-43bd-8d4a-16728c9c1128,Champs-Elysées - Clémenceau
3630,a08250b1-c397-4629-b8da-815f942f38d9,M13,Invalides,"48,8623647","2,313909578",49d8f010-0255-4cfb-a48d-aa88ee3922da,Invalides
3640,5a295015-670d-4d85-a5c8-f3150e050d6b,M13,Varenne,"48,85687138","2,315056637",97b3da00-104f-4337-bdbe-add2bdbcef34,Varenne
3650,72748398-d735-4a8b-8cb0-3cfb9b92a50a,M13,Saint-François-Xavier,"48,85144171","2,314408122",62b5e0ef-35e1-456b-8ac0-401ece0a1e00,Saint-François-Xavier
3660,8d12cf08-e2a9-4127-baec-01b3d1a1a216,M13,Duroc,"48,84705255","2,316424352",7911c59c-f138-42d4-b6e8-ce94125fcfa0,Duroc
3670,602f7ed3-bcf1-4286-a47c-258266973dde,M13,Montparnasse - Bienvenüe,"48,84232744","2,320984836",ffefd491-6fd0-4c1e-b15c-277cc921789d,Montparnasse - Bienvenüe
3680,3a46d4c0-2768-4e83-a0f2-d9fdda27a386,M13,Gaîté,"48,83863165","2,32249175",df0589ff-4137-4182-819b-ea7b579c0b9c,Gaîté
3690,4fb786d9-73a9-4037-b134-1d2c19703a90,M13,Pernety,"48,83393639","2,318078285",b482d94c-b561-4c2c-8c61-2422c9dee439,Pernety
3700,79cf121c-863e-4ac0-afc5-a9175956951b,M13,Plaisance,"48,83182565","2,314122323",71004f37-4354-4938-8dd5-9ff4ea8ea0d5,Plaisance
3710,85b044f3-3154-4295-a60f-702556a53a43,M13,Porte de Vanves,"48,82779554","2,30553467",01d8924c-99b4-45d5-a78f-ae4cf52cb978,Porte de Vanves
3720,568e8d77-7151-448c-b08c-badbd95a3e22,M13,Malakoff Plateau de Vanves,"48,82258371","2,298464192",f193ce4f-94e9-4744-9b54-f5af50092d4b,Malakoff Plateau de Vanves
3730,2ab83e03-da24-4495-b838-072af3db041a,M13,Malakoff Rue Etienne Dolet,"48,81530753","2,297077798",37d8f63b-e8fa-4b54-b20b-83d03784533d,Malakoff Rue Etienne Dolet
3740,d19b565d-ff83-4e07-aa16-232d25b57d64,M13,Châtillon - Montrouge,"48,81074649","2,301678555",ca5ff8a6-a6f4-414d-9493-804fa1a185d9,Châtillon - Montrouge
3750,a9e4878d-035a-467b-8715-75098d61b77d,M14,Saint-Lazare,"48,87576459","2,324256033",789fda31-3484-49ef-b05d-36ba7f9ed1ce,Saint-Lazare
3760,c7db3972-1b0b-4202-a9ef-1dcb33069525,M14,Madeleine,"48,87066702","2,325752635",550ef054-29ed-4af2-a476-1bddc22b4bc0,Madeleine
3770,a69d56f6-038e-493c-8226-6a6b1bcf1d05,M14,Pyramides,"48,86590674","2,334189542",85cc553b-cb40-41db-841a-4ef2f78dd259,Pyramides
3780,22df1bb1-c6ab-4788-8194-fd97d494e025,M14,Châtelet,"48,85770882","2,347944311",dd0d7a96-b6d1-48d8-8ef7-1130cc8004ac,Châtelet
3790,0b8bfbc4-adf6-4dac-b354-e81b05daf694,M14,Gare de Lyon,"48,84398558","2,37301422",692e5314-ab68-4108-9900-07b429239506,Gare de Lyon
3800,5bca94f6-e392-4061-825a-88847ad43c11,M14,Bercy,"48,84000139","2,379554011",818eb2f8-d5a9-4e2e-a1ba-9df3235907f4,Bercy
3810,ed251a9b-af7e-444d-8b9e-f5e693175d45,M14,Cour Saint-Emilion,"48,83333856","2,386632402",9e65d012-f657-4272-bd4e-633efdefc8f7,Cour Saint-Emilion
3820,a0c023ae-d3b3-467e-ba8d-c74e923b74dd,M14,Bibliothèque François Mitterrand,"48,82999028","2,375748144",511a358b-2f86-4421-955c-d4f4a46d1953,Bibliothèque François Mitterrand
3830,9ad44e7a-f9be-49f3-a3b5-c6ca35946be5,M14,Olympiades,"48,82727084","2,368032648",d45de82e-3bc6-46b2-8d45-c19e2c93a50b,Olympiades